id	page No.	title	romanlized	google translated	duration
1	2	ကောင်းသော ည တစ်ညပိုင်း	koငya”so ñña tacyaññapiုငya”	Good night	
2	2	ပစ္စက္ခဉာဏ်နှင့် အနွယဉာဏ်အကြောင်း	paccakkhañāṇyanaှင’ya anhayañāṇyaakaြောငya”	About physical and mental intelligence	0
3	2	ဥပနိသသုတ္တန် ကောက်နုတ်ချက်	upanisasuttanya kokyanutyakhaျkya	Excerpt from Upanishads	4
4	6	အနုဿ၀ နှင့် အာကာရပရိဝိတက္က	anussa0 naှင’ya ākāraparivitakka	Anusava and Akara Parivitaka	1
5	7	ပစ္စက္ခဉာဏ်	paccakkhañāṇya	Physical Wisdom	1
6	8	ဥပါဒါနက္ခန္ဓာ ဟူသည်	upādānakkhandhā hūsaññya	It is the sub-element	1
7	9	ဣတိ ရူပံ - ဣတိ ဝေဒနာ . . .	iti rūpaṃ - iti vedanā . . .	Iti Rupan - Iti Vedana. . .	3
8	12	ဣတိ ရူပဿ သမုဒယော ။ ပ ။ ဣတိ ဝိညာဏဿ သမုဒယော . . .	iti rūpassa samudayo ． pa ． iti viññāṇassa samudayo . . .	Iti Rupatsa Samudayo. ပ. Iti spiritual consciousness. . .	1
9	13	ရူပက္ခန္ဓာ၏ သမုဒယကို ရှုပုံ	rūpakkhandhā၏ samudayakiု raှုpuṃ	How to view the cosmos of the physical body	1
10	14	ပဋိသမ္ဘိဒါမဂ္ဂပါဠိတော် ကောက်နုတ်ချက် အတိတ်အကြောင်းတရား ငါးပါး	paṭisambhidāmaggapāḷitoya kokyanutyakhaျkya atityaakaြောငya”tarā” ငါ”pā”	Excerpts from the past	1
11	15	ပစ္စုပ္ပန်အကျိုးတရား ငါးပါး	paccuppanyaakaျို”tarā” ငါ”pā”	Five present benefits	1
12	16	ပစ္စုပ္ပန်အကြောင်းတရား ငါးပါး	paccuppanyaakaြောငya”tarā” ငါ”pā”	Five reasons for the present	0
13	16	အနာဂတ်အကျိုးတရား ငါးပါး	anāgatyaakaျို”tarā” ငါ”pā”	Five Future Benefits	1
14	17	အဓွန့်ကာလ သတ်မှတ်ပုံ	adhhana’yakāla satyamaှtyapuṃ	How to determine the duration	0
15	17	ဧကဒေသတော ဇာနိတဗ္ဗံ	ekadesato jānitabbaṃ	Ekadetaw Zanitabba	1
16	18	ယင်းသို့ သိနိုင် မြင်နိုင်ပါ့မလား¿	yaငya”siု’ siniုငya maြငyaniုငyapā’malā”¿	Can you see that?	1
17	19	နိဗ္ဗတ္တိ ပဿိတဗ္ဗာ	nibbatti passitabbā	Nibbatti Pasitabba	1
18	20	ရှုကွက်အတိုချုပ် ညွှန်ကြားချက်	raှုkhakyaatiုkhaျုpya ññhaှnyakaြာ”khaျkya	Summary Instructions	2
19	22	မည်ကဲ့သို့သော ကံပါနည်း	maññyakaဲ’siု’so kaṃpānaññya”	What kind of luck?	2
20	24	ခေတ္တရပ်နား၍ စဉ်းစားကြည့်ပါ	khettarapyanā”၍ cañya”cā”kaြñña’yapā	Pause and think	1
21	25	အနွယဉာဏ်ဖြင့် အတိတ် အနာဂတ်၌ ရှုပုံ	anhayañāṇyaphaြင’ya atitya anāgatya၌ raှုpuṃ	An Intuitive Perspective on the Past and the Future	2
22	27	တိုက်တွန်းချက်	tiုkyathanya”khaျkya	Recommendation	1
23	28	ပဋိသမ္ဘိဒါမဂ္ဂပါဠိတော် ကောက်နုတ်ချက်	paṭisambhidāmaggapāḷitoya kokyanutyakhaျkya	Excerpt from the Pali Canon	1
24	29	လိုရင်းမှတ်သားရန်	liုraငya”maှtyasā”ranya	Note:	2
25	31	ရူပက္ခန္ဓာ၌ ဥဒယဉာဏ် (၅) ပါး	rūpakkhandhā၌ udayañāṇya (5) pā”	There are five senses in the physical body	0
26	31	ရူပက္ခန္ဓာ၌ ၀ယဉာဏ် (၅) ပါး	rūpakkhandhā၌ 0yañāṇya (5) pā”	There are five senses in the physical body	1
27	32	ပြည်ဆရာတော်ဘုရားကြီး၏ မှတ်ချက်	paြññyacharātoyabhurā”kaြီ”၏ maှtyakhaျkya	Remarks by Pyi Sayadaw Pagoda	1
28	33	သတိပြု၍ မှတ်သားရန်	satipaြု၍ maှtyasā”ranya	Note carefully	1
30	34	ဘင်္ဂါနုပဿနာဉာဏ်ပိုင်း၌ အနွယဉာဏ်ဖြင့် ရှုပုံ	bhaṅgānupassanāñāṇyapiုငya”၌ anhayañāṇyaphaြင’ya raှုpuṃ	A view of subconscious mind in the Bengali mind	3
31	37	နိရောဓေ အဓိမုတ္တတာ = ခဏနိရောဓ၌ ညွတ်ကိုင်းရှိုင်းမှု	nirodhe adhimuttatā = khaṇanirodha၌ ññhatyakiုငya”raှိုငya”maှု	Nirodhi Adhimotta = inclination at the moment of Nirodha	0
32	37	ဘင်္ဂါနုပဿနာဉာဏ်၏ အရှုခံအာရုံတရားများ	bhaṅgānupassanāñāṇya၏ araှုkhaṃāruṃtarā”maျာ”	The senses of Benganupassana consciousness	1
33	38	ဉာတ တရား နှင့် ဉာဏ တရား	ñāta tarā” naှင’ya ñāṇa tarā”	Wisdom and Wisdom	1
34	39	ဣတိ ရူပဿ အတ္ထင်္ဂမော ။ ပ ။ ဣတိ ဝိညာဏဿ အတ္ထင်္ဂမော	iti rūpassa atthaṅgamo ． pa ． iti viññāṇassa atthaṅgamo	Iti Rupatsa Attingamaw. ပ. Iti spiritual consciousness	1
35	40	အနုပ္ပါဒနိရောဓ	anuppādanirodha	Anuppada Nirodha	2
36	42	အာသဝက္ခယသုတ္တန် ကောက်နုတ်ချက်	āsavakkhayasuttanya kokyanutyakhaျkya	Excerpt from Asavakkha Sutta	1
37	43	အဋ္ဌကထာအဖွင့်များ - ပထမအဖွင့်	aṭṭhakathāaphhaင’yamaျာ” - pathamaaphhaင’ya	The Eightfold Path: The First Opening	1
38	44	အဋ္ဌကထာ - ဒုတိယအဖွင့်	aṭṭhakathā - dutiyaaphhaင’ya	Eighth Katha - Second Opening	2
39	46	အဋ္ဌကထာ - တတိယအဖွင့်	aṭṭhakathā - tatiyaaphhaင’ya	Eighth Katha - Third Opening	0
40	46	အဋ္ဌကထာ စတုတ္ထအဖွင့် - ကေစိဝါဒ	aṭṭhakathā catutthaaphhaင’ya - kecivāda	Eighth Kata Fourth Opening - Case Studies	0
41	46	အဋ္ဌကထာ - ပဉ္စမအဖွင့်	aṭṭhakathā - pañcamaaphhaင’ya	Eighth Katha - Fifth Opening	1
42	47	ခဒိရပတ္တသုတ္တန် နှင့် ကူဋာဂါရသုတ္တန် တရားတော် ကောက်နုတ်ချက်	khadirapattasuttanya naှင’ya kūṭāgārasuttanya tarā”toya kokyanutyakhaျkya	Excerpts from the Khadira Patta Sutta and the Kutagara Sutta	2
43	49	ဝဋ္ဋသစ္စာ - ဝိဝဋ္ဋသစ္စာ	vaṭṭasaccā - vivaṭṭasaccā	Vattha Thitsar - Vivattha Thitsar	1
44	50	ဒုက္ခအရိယသစ္စာတရား	dukkhaariyasaccātarā”	The Noble Truth of Suffering	0
45	50	ဥပါဒါနက္ခန္ဓာဟူသည်	upādānakkhandhāhūsaññya	It is the sub-element	2
46	52	အဘိညာဏ်နှင့် ဝိပဿနာ	abhiññāṇyanaှင’ya vipassanā	Abhidhamma and Vipassana	2
47	54	အနုသယသုတ္တန် ကောက်နုတ်ချက်	anusayasuttanya kokyanutyakhaျkya	Excerpt from Anusaya Sutta	2
48	56	မဟာရာဟုလောဝါဒသုတ္တန် ကောက်နုတ်ချက်	mahārāhulovādasuttanya kokyanutyakhaျkya	Excerpts from the Maharajah Sutta	0
49	56	အနတ္တလက္ခဏသုတ္တန် ကောက်နုတ်ချက်	anattalakkhaṇasuttanya kokyanutyakhaျkya	Excerpt from Vanity Sutta	2
50	58	သမုဒယအရိယသစ္စာတရား	samudayaariyasaccātarā”	The Noble Truth of Samudaya	1
51	59	တိတ္ထာယတနသုတ္တန် ကောက်နုတ်ချက်	titthāyatanasuttanya kokyanutyakhaျkya	Excerpt from Tittayatana Sutta	0
52	59	ပဋိစ္စသမုပ္ပါဒ်အင်္ဂါရပ်တို့၌ သစ္စာဖွဲ့ပုံ	paṭiccasamuppādyaaṅgārapyatiု’၌ saccāphhaဲ’puṃ	How to be faithful in the features of the Paktisthamupadha	3
53	62	နာနာက္ခဏိကကမ္မ၏ စွမ်းအင်	nānākkhaṇikakamma၏ chamya”aငya	The energy of kamma in the future	1
54	63	ဒုက္ခသစ္စာနှင့် သမုဒယသစ္စာ	dukkhasaccānaှင’ya samudayasaccā	Loyalty to suffering and community loyalty	11
55	74	မဟာနိဒါနသုတ္တန် ကောက်နုတ်ချက်	mahānidānasuttanya kokyanutyakhaျkya	Excerpt from Mahanidana Sutta	2
56	76	လောကီပရိညာ သုံးပါး	lokīpariññā suṃ”pā”	The three worldly wisdoms	1
57	77	ပဋိသမ္ဘိဒါမဂ္ဂပါဠိတော်၏ ညွှန်ကြားချက်	paṭisambhidāmaggapāḷitoya၏ ññhaှnyakaြာ”khaျkya	Instruction of the Pratibhida Magga Pali	9
58	86	လောကုတ္တရာ ပရိညာ သုံးပါး	lokuttarā pariññā suṃ”pā”	The Three Noble Truths	2
59	88	ကစ္စာနဂေါတ္တသုတ္တန် ကောက်နုတ်ချက်	kaccānagottasuttanya kokyanutyakhaျkya	Excerpt from Kasana Gotta Sutta	1
60	89	လောကသမုဒယ - လောကနိရောဓ	lokasamudaya - lokanirodha	World Peace - The End of the World	3
61	92	အနွယဉာဏ်ဟူသည်	anhayañāṇyahūsaññya	Inheritance	1
62	93	ဝိပဿနာဉာဏ်၏ နောက်သို့ အစဉ်လိုက်သော အနွယဉာဏ်	vipassanāñāṇya၏ nokyasiု’ acañyaliုkyaso anhayañāṇya	Inheritance that always follows Vipassana	0
63	93	လောကီစတုသစ္စသမ္မာဒိဋ္ဌိ	lokīcatusaccasammādiṭṭhi	The world is the fourth truth	1
64	94	ရှေးမထေရ်မြတ်ကြီးတို့၏ ဆွေးနွေးပွဲ	raှေ”matheryamaြtyakaြီ”tiု’၏ chhe”nhe”phaဲ	Discussion of ancient saints	3
65	97	မဟာတဏှာသင်္ခယသုတ္တန် ကောက်နုတ်ချက်	mahātaṇaှာsaṅkhayasuttanya kokyanutyakhaျkya	Excerpt from Mahatana Sankhaya Sutta	1
66	98	အမေး နှင့် အဖြေများ	ame” naှင’ya aphaြmeျာ”	Questions and Answers	2
67	100	သမ္ပတိ ဒိဋ္ဌ သင်္ခါရç သမ္ပတိ အဒိဋ္ဌ သင်္ခါရ	sampati diṭṭha saṅkhāraç sampati adiṭṭha saṅkhāra	Sampati Dittha Sankhara ç Sampati Adhita Sankhara	2
68	102	ပဋိစ္စသမုပ္ပါဒ် တရားတော် ဟူသည်	paṭiccasamuppādya tarā”toya hūsaññya	This is the Dhamma of Paktisthamupadha	1
69	103	ပဋိသမ္ဘိဒါမဂ္ဂပါဠိတော်၌ လာရှိသော တဒနွယတရားများ	paṭisambhidāmaggapāḷitoya၌ lāraှိso tadanhayatarā”maျာ”	The Dhamma and Discourses of the Buddha	1
70	104	အရိယမဂ်ဉာဏ်ဖိုလ်ဉာဏ်၏ နောက်သို့ အစဉ်လိုက်သော အနွယဉာဏ်	ariyamagyañāṇyaphiုlyañāṇya၏ nokyasiု’ acañyaliုkyaso anhayañāṇya	Noble wisdom that follows the Noble Eightfold Path	3
71	107	ဝိဘင်းပါဠိတော်မှ ကောက်နုတ်ချက်	vibhaငya”pāḷitoyamaှ kokyanutyakhaျkya	Excerpt from Wibin Pali	2
72	109	အပရိဇာနနသုတ္တန် ကောက်နုတ်ချက်	aparijānanasuttanya kokyanutyakhaျkya	Excerpt from the Aparizana Sutta	1
73	110	လောကီ ဉာတပရိညာ	lokī ñātapariññā	Worldly wisdom	1
74	111	လောကီ တီရဏပရိညာ	lokī tīraṇapariññā	Worldly wisdom	1
75	112	လောကီ ပဟာနပရိညာ	lokī pahānapariññā	Worldly wisdom	0
76	112	လောကုတ္တရာ ပရိညာ သုံးပါး	lokuttarā pariññā suṃ”pā”	The Three Noble Truths	2
77	114	အလောင်းတော်သည် ကုဋေသုံးသန်းခြောက်သိန်းသော မဟာ၀ဇိရဝိပဿနာတရား ပွားတော်မူခြင်း	aloငya”toyasaññya kuṭesuṃ”sanya”khaြောkyasinya”so mahā0jiravipassanātarā” phā”toyamūkhaြငya”	His body was the site of three billion and six hundred thousand Mahavajira Vipassana meditations	2
78	116	ဗောဓိကထာ ကောက်နုတ်ချက်	bodhikathā kokyanutyakhaျkya	Excerpt from Bodhisattva	3
79	119	ဂေါတမကစေတိယသုတ္တန် ကောက်နုတ်ချက်	gotamakacetiyasuttanya kokyanutyakhaျkya	Excerpt from Gautama Pagoda Sutta	2
80	121	ဒုတိယအရိယသာ၀ကသုတ္တန်	dutiyaariyasā0kasuttanya	The Second Noble Eightfold Path	4
81	125	ကောသမ္ဗိသုတ္တန် ကောက်နုတ်ချက်	kosambisuttanya kokyanutyakhaျkya	Excerpt from Kosambi Sutta	3
82	128	စဉ်းစားနှိုင်းချိန်တော်မူပါ	cañya”cā”naှိုငya”khaျိnyatoyamūpā	Think about it	3
83	131	အမြတ်ဆုံးစကားတော်	amaြtyachuṃ”cakā”toya	The most precious word	1
84	132	ဘဒ္ဒေကရတ္တသုတ္တန် - ရှင်းလင်းချက်	bhaddekarattasuttanya - raှငya”laငya”khaျkya	Bhaddekaratta Sutta - Explanation	1
85	133	ဘဒ္ဒေကရတ္တသုတ္တန်	bhaddekarattasuttanya	Bhaddekaratta Sutta	2
86	135	အတိတ်ကိုလိုက်ပုံ	atityakiုliုkyapuṃ	How to follow the past	1
87	136	အတိတ်ကိုမလိုက်ပုံ	atityakiုmaliုkyapuṃ	How not to follow the past	1
88	137	အနာဂတ်ကို မျှော်ပုံ	anāgatyakiု maျှောyapuṃ	How to look to the future	1
89	138	အနာဂတ်ကို မမျှော်ပုံ	anāgatyakiု mamaျှောyapuṃ	How not to look to the future	1
90	139	ဟောတော်မူလိုရင်း	hotoyamūliုraငya”	What he wants to say	1
91	140	ပစ္စုပ္ပန်၌ တဏှာ-ဒိဋ္ဌိ တို့က ဆွဲငင်ပုံ	paccuppanya၌ taṇaှာ-diṭṭhi tiု’ka chhaဲငငyapuṃ	How lust-contemplation pulls in the present	1
92	141	ပစ္စုပ္ပန်၌ တဏှာ-ဒိဋ္ဌိတို့က မဆွဲငင်ပုံ	paccuppanya၌ taṇaှာ-diṭṭhitiု’ka machhaဲငငyapuṃ	How lust-contemplation does not attract in the present	1
93	142	ဤဒေသနာတော်၏ ဆိုလိုရင်း	īdesanātoya၏ chiုliုraငya”	The meaning of this sermon	1
94	143	ရရှိလာသည့် ဥပဒေသ	raraှိlāsañña’ya upadesa	Obtained Rule	1
95	144	ပဋိသမ္ဘိဒါမဂ္ဂပါဠိတော် ကောက်နုတ်ချက်	paṭisambhidāmaggapāḷitoya kokyanutyakhaျkya	Excerpt from the Pali Canon	2
96	146	လောကိယဘာ၀နာ၏ စွမ်းအား	lokiyabhā0nā၏ chamya”ā”	The power of worldly meditation	2
97	148	ကာလတ္တယအနိစ္စ (ဒုက္ခ - အနတ္တ) သုတ္တန်	kālattayaanicca (dukkha - anatta) suttanya	Kalattaya Anissa (Dukkha-Anatta) Sutta	1
98	149	ဘဒ္ဒေကရတ္တသုတ္တန်၌ ဆိုလိုသော ပစ္စုပ္ပန်	bhaddekarattasuttanya၌ chiုliုso paccuppanya	Present meaning in Bhaddekaratta Sutta	2
99	151	အတိတ် အနာဂတ် ပစ္စုပ္ပန် သတ်မှတ်ပုံ	atitya anāgatya paccuppanya satyamaှtyapuṃ	How to determine the past, future, and present	0
100	151	ပါဠိတော်ဘာသာပြန်	pāḷitoyabhāsāpaြnya	Pali translation	1
101	152	သုတ္တန္တပရိယာယနည်း	suttantapariyāyanaññya”	What is the method of proverb?	0
102	152	အဘိဓမ္မနိဒ္ဒေသနည်း	abhidhammaniddesanaññya”	What is Abhidhamma?	1
103	153	သိသင့်သောအချက် တစ်ရပ်	sisaင’yasoakhaျkya tacyarapya	One thing to know	1
104	154	နောက်တစ်နည်းဖွင့်ဆိုပုံ	nokyatacyanaññya”phhaင’yachiုpuṃ	Another definition	0
105	154	အဒ္ဓါ (= ဘ၀) ဟူသော အဓွန့်	addhā (= bha0) hūso adhhana’ya	Adha (= life)	2
106	156	သဘာဂဥတု-အာဟာရ ဧကဥတု-အာဟာရ	sabhāgautu-āhāra ekautu-āhāra	Natural climate - nutrition Acne climate - nutrition	2
107	158	စိတ္တသမုဋ္ဌာန်ရုပ်၏ သန္တတိ	cittasamuṭṭhānyarupya၏ santati	The instinct of mental form	0
108	158	ကမ္မသမုဋ္ဌာန်ရုပ်၏ သန္တတိ	kammasamuṭṭhānyarupya၏ santati	Shantati of the form of Kamma Samutthana	1
109	159	သမယ၏ အစွမ်းဖြင့် အတိတ်-အနာဂတ်ပစ္စုပ္ပန်ရုပ် ယူဆပုံ	samaya၏ achamya”phaြင’ya atitya-anāgatyapaccuppanyarupya yūchapuṃ	Past-Future-Present Perception by the Power of Cooperative	1
110	160	ခဏအားဖြင့် အတိတ်-အနာဂတ်-ပစ္စုပ္ပန် ခွဲပုံ	khaṇaā”phaြင’ya atitya-anāgatya-paccuppanya khhaဲpuṃ	A moment of past-future-present division	0
111	160	တစ်နည်းဖွင့်ဆိုပုံ	tacyanaññya”phhaင’yachiုpuṃ	One way to define it	1
112	161	မုချနှင့် ပရိယာယ်	mukhaျnaှင’ya pariyāyya	Definitely a trick	0
113	161	နာမ်ပိုင်း၌ အတိတ်-အနာဂတ်-ပစ္စုပ္ပန် ခွဲပုံ	nāmyapiုငya”၌ atitya-anāgatya-paccuppanya khhaဲpuṃ	Past-future-present division in nouns	1
114	162	ဘူတံ ဘူတတော ပဿတိ	bhūtaṃ bhūtato passati	Bhutan Bhutaw Forest History	2
115	164	မဟာတဏှာသင်္ခယသုတ္တန် ကောက်နုတ်ချက်	mahātaṇaှာsaṅkhayasuttanya kokyanutyakhaျkya	Excerpt from Mahatana Sankhaya Sutta	4
116	168	သာသနာ့မဏ္ဍိုင်ကြီးများ	sāsanā’maṇḍiုငyakaြီ”maျာ”	Religious pillars	0
117	168	၁။ သုတ္တ	1． sutta	1. Sutta	1
118	169	ဘုရားကို ပယ်နေသူ	bhurā”kiု payyanesū	One who rejects God	1
119	170	ဘုရားရှင်တို့၏ စကားတော်ဟူသည်	bhurā”raှငyatiု’၏ cakā”toyahūsaññya	It is the word of God	2
120	172	၂။ သုတ္တာနုလောမ	2． suttānuloma	2. I'm not sure what to do	0
121	172	ဝိနည်းမဟာပဒေသတရား လေးပါး	vinaññya”mahāpadesatarā” le”pā”	The Four Noble Truths	2
122	174	သုတ္တန်မဟာပဒေသတရား လေးပါး	suttanyamahāpadesatarā” le”pā”	The Four Noble Truths	0
123	174	ပထမ - မဟာပဒေသတရား	pathama - mahāpadesatarā”	First, the Great Precepts	1
124	175	ဒုတိယ မဟာပဒေသတရား	dutiya mahāpadesatarā”	The Second Great Precept	0
125	175	တတိယ မဟာပဒေသတရား	tatiya mahāpadesatarā”	The Third Great Precept	1
126	176	စတုတ္ထ မဟာပဒေသတရား	catuttha mahāpadesatarā”	The Fourth Precept	1
127	177	အနုလောမကပ္ပိယ = သုတ္တာနုလောမ	anulomakappiya = suttānuloma	Anulomakapiya = Suttanuloma	0
128	177	၃။ အာစရိယဝါဒ	3． ācariyavāda	3. Assyrianism	2
129	179	၄။ အတ္တနောမတိ	4． attanomati	4. Selfishness	0
130	179	သာသနာကို ဖျက်ဆီးနေသူ	sāsanākiု phaျkyachī”nesū	Destroyer of religion	1
131	180	သမ္မာသမ္ဗုဒ္ဓ ဘာသိတ တရားတော်	sammāsambuddha bhāsita tarā”toya	The Dhamma of the True Buddha	0
132	180	ဓမ္မ - အဓမ္မ	dhamma - adhamma	Dhamma - Forced	1
133	181	ဆန်းစစ်ပါ	chanya”cacyapā	Check	4
134	185	ဘိက္ခုသုတ္တန်	bhikkhusuttanya	Bhikkhu Sutta	1
135	186	သမာဓိထူထောင်သင့်ပုံပိုင်း	samādhithūthoငyasaင’yapuṃpiုငya”	How to Build Integrity	
136	186	သမာဓိကို ထူထောင်ပါ	samādhikiု thūthoငyapā	Establish Integrity	1
137	187	သမာဓိသုတ္တန်များ	samādhisuttanyamaျာ”	Integrity Suttas	2
138	189	မဟာဂေါပါလကသုတ္တန် - အဆိုတစ်ရပ်	mahāgopālakasuttanya - achiုtacyarapya	The Mahagopala Sutta - A Proclamation	2
139	191	စိတ္တဝိသုဒ္ဓိမှ ဒိဋ္ဌိဝိသုဒ္ဓိသို့	cittavisuddhimaှ diṭṭhivisuddhisiု’	From Sittavisuddhi to Ditti Visuddhi	1
140	192	ခဏိကသမာဓိ	khaṇikasamādhi	Momentary integrity	0
141	192	မဟာဋီကာဆရာတော်၏ အဆို	mahāṭīkācharātoya၏ achiု	According to the Mahatika Sayadaw	2
142	194	သမထယာနိကလမ်း	samathayānikalamya”	Samathayanika Road	1
143	195	သုဒ္ဓဝိပဿနာယာနိကလမ်း	suddhavipassanāyānikalamya”	The path of Sutta Vipassana Yanika	1
144	196	ယေဘုယျဟု မှတ်ပါ	yebhuyaျhu maှtyapā	Think of it as general	0
145	196	အကြောင်းပြချက်	akaြောငya”paြkhaျkya	the reason	2
146	198	အထူးသတိပြု၍ မှတ်သားရန်	athū”satipaြု၍ maှtyasā”ranya	Take special note	1
147	199	သမထပိုင်း - ခဏိကသမာဓိ	samathapiုငya” - khaṇikasamādhi	Co-existence: Momentary Integrity	2
148	201	ဝိပဿနာပိုင်း - ခဏိကသမာဓိ	vipassanāpiုငya” - khaṇikasamādhi	Vipassana - momentary concentration	2
149	203	ခဏိကစိတ္တေကဂ္ဂတာ-သမာဓိ	khaṇikacittekaggatā-samādhi	Moment of mindfulness - Samadhi	3
150	206	လိုရင်းအချုပ် မှတ်သားရန်	liုraငya”akhaျုpya maှtyasā”ranya	Note:	1
151	207	လက္ခဏာရေး သုံးတန်	lakkhaṇāre” suṃ”tanya	Three tokens	2
152	209	အနတ္တရောင်ခြည်တော်	anattaroငyakhaြññyatoya	Vanity of vanities	3
153	212	အကြောင်းပြချက်	akaြောငya”paြkhaျkya	the reason	1
154	213	ရုပ်ဃန = ရုပ်တုံးရုပ်ခဲ သုံးမျိုး	rupyaghana = rupyatuṃ”rupyakhaဲ suṃ”maျို”	Material = three types of statues	1
155	214	၁။ သန္တတိဃန = ရုပ်အစဉ်အတန်းအတုံးအခဲ	1． santatighana = rupyaacañyaatanya”atuṃ”akhaဲ	1. Santati Gana = a series of physical blocks	2
156	216	၂။ သမူဟဃန = ရုပ်အပေါင်းအစုအတုံးအခဲ	2． samūhaghana = rupyaapoငya”acuatuṃ”akhaဲ	2. Consciousness = a mass of matter	1
157	217	၃။ ကိစ္စဃန = ရုပ်လုပ်ငန်းကိစ္စအတုံးအခဲ	3． kiccaghana = rupyalupyaငnya”kiccaatuṃ”akhaဲ	3. Issue = material matter	0
158	217	လိုက်နာရမည့်တာဝန်	liုkyanāramañña’yatāvanya	Duties to be followed	0
159	217	နာမ်ဃန (၄) မျိုး	nāmyaghana (4) maျို”	There are four types of nouns	1
160	218	၁။ သန္တတိဃန = နာမ်အစဉ်အတန်းအတုံးအခဲ	1． santatighana = nāmyaacañyaatanya”atuṃ”akhaဲ	1. Santati Gana = noun sequence block	0
161	218	၂။ သမူဟဃန = နာမ်အပေါင်းအစုအတုံးအခဲ	2． samūhaghana = nāmyaapoငya”acuatuṃ”akhaဲ	2. Consciousness = a collection of nouns	1
162	219	၃။ ကိစ္စဃန = နာမ်လုပ်ငန်းကိစ္စအတုံးအခဲ	3． kiccaghana = nāmyalupyaငnya”kiccaatuṃ”akhaဲ	3. Case = noun business case block	1
163	220	၄။ အာရမ္မဏဃန = အာရုံယူမှုအတုံးအခဲ	4． ārammaṇaghana = āruṃyūmaှုatuṃ”akhaဲ	4. Aramaic = a block of attention	3
164	223	သမ္မသနစာရခေတ် သုံးမျိုး	sammasanacārakhetya suṃ”maျို”	Three types of presidential eras	1
165	224	ဧကဒေသ = တစ်စိတ်တစ်ဒေသ	ekadesa = tacyacityatacyadesa	Acre area = part area	2
166	226	ပရိညာနယ် ကွာဟချက်ရှိပုံ	pariññānayya khāhakhaျkyaraှိpuṃ	What is the difference between the two?	1
167	227	ဋီကာ အဖွင့်များ	ṭīkā aphhaင’yamaျာ”	Opening remarks	3
168	230	တစ်စိတ်တစ်ဒေသ = တစ်ချို့တစ်ဝက် ယူဆပုံ	tacyacityatacyadesa = tacyakhaျို’tacyavakya yūchapuṃ	Partial = partial assumption	2
169	232	တစ်စိတ်သားခန့်	tacyacityasā”khana’ya	About a piece of meat	0
170	232	နာမ်လောက	nāmyaloka	Noun world	1
171	233	ထပ်မံစဉ်းစားရန် အချက်တစ်ရပ်	thapyamaṃcañya”cā”ranya akhaျkyatacyarapya	One more thing to think about	1
172	234	မဂ္ဂင်ရှစ်ပါး ပြည့်ပါရဲ့လား	maggaငyaraှcyapā” paြñña’yapāraဲ’lā”	Are you full of eight magazines?	2
173	236	သမာဓိသည် အနှစ်သာရလော¿	samādhisaññya anaှcyasāralo¿	Is Integrity Essential?	1
174	237	တိပရိဝဋ္ဋ ဓမ္မဒေသနာ	tiparivaṭṭa dhammadesanā	Tiparivatta Dhamma Sermon	2
175	239	သမာဓိသည် သာသနာတွင်းတရား မဟုတ်	samādhisaññya sāsanāthaငya”tarā” mahutya	Integrity is not a religion	1
176	240	အာနာပါနဿတိသမာဓိပိုင်း	ānāpānassatisamādhipiုငya”	Anapanasati concentration	
177	240	ကာယာနုပဿနာ အာနာပါနပဗ္ဗ ပါဠိတော်	kāyānupassanā ānāpānapabba pāḷitoya	Kayanu Pathana Anapana Pabba Pali	1
178	241	ကာယာနုပဿနာ အာနာပါနပဗ္ဗ ပါဠိတော်အနက်	kāyānupassanā ānāpānapabba pāḷitoyaanakya	From the meaning of Kayanu Pathana Anapana Pabba Pali	3
179	244	အာနာပါနကမ္မဋ္ဌာန်း	ānāpānakammaṭṭhānya”	Anapana Kamma Dhan	1
180	245	အာနာပါနချီးမွမ်းခန်း	ānāpānakhaျီ”mhamya”khanya”	Anapana Praise Room	1
181	246	အသေစနက - သုခဝိဟာရ	asecanaka - sukhavihāra	Death - A happy abode	1
182	247	အာနာပါန-ပြည်တည်ခန်း	ānāpāna-paြññyataññyakhanya”	Anapana - Exodus	2
183	249	တစ်နည်းဆိုရသော်	tacyanaññya”chiုrasoya	In other words	1
184	250	အမြတ်ဆုံး ပူဇော်မှု	amaြtyachuṃ” pūjoyamaှု	The most valuable offering	2
185	252	ဆိုလိုရင်းနှင့် အကြောင်းပြချက်	chiုliုraငya”naှင’ya akaြောငya”paြkhaျkya	Meaning and Reason	1
186	253	တောမင်းသစ်နှင့် တူသူ	tomaငya”sacyanaှင’ya tūsū	Like the new king of the forest	1
187	254	အရည - ရုက္ခမူလ - သုညာဂါရ	arañña - rukkhamūla - suññāgāra	Liquid - Vegetation Origin: Thunagara	1
188	255	ဣရိယာပုထ် ရွေးချယ်မှု	iriyāputhya rhe”khaျyyamaှု	Selection of adjectives	1
190	256	သော သတော၀ အဿသတိ၊ သတော၀ ပဿသတိ	so sato0 assasati， sato0 passasati	I'm not sure what to do. I'm not sure what to do	0
191	256	ပထမ စတုက္က	pathama catukka	The first stock	1
192	257	ဒုတိယ စတုက္က	dutiya catukka	The second stock	1
193	258	တတိယ စတုက္က	tatiya catukka	Third Stake	1
194	259	စတုတ္ထ စတုက္က	catuttha catukka	The fourth stump	1
195	260	အထူးသတိပြုရမည့် အချက်များ	athū”satipaြုramañña’ya akhaျkyamaျာ”	Things to watch out for	0
196	260	(က) သတိပဋ္ဌာန် လေးပါး ခွဲပုံ	(ka) satipaṭṭhānya le”pā” khhaဲpuṃ	(A) The division of the four establishments of mindfulness	0
197	260	( ခ ) ဈာန်လမ်းသာ ဖြစ်သည်	( kha ) jhānyalamya”sā phaြcyasaññya	(B) It is only Jhan Road	1
198	261	( ဂ ) အဿာသ-ပဿာသ (၂) မျိုး	( ga ) assāsa-passāsa (2) maျို”	(C) Asatha: Two kinds of Asatha	1
199	262	(ဃ) အရောင်နှင့် လက္ခဏာကို နှလုံးမသွင်းရ	(gha) aroငyanaှင’ya lakkhaṇākiု naှluṃ”mashaငya”ra	(D) Do not pay attention to color and signs	1
200	263	အကြောင်းကား ဤသို့ ဖြစ်၏	akaြောငya”kā” īsiု’ phaြcya၏	Because	0
201	263	ပရမတ္ထသစ္စာနယ်၌ အရှည် အတို မရှိ	paramatthasaccānayya၌ araှññya atiု maraှိ	There is no short or long in the realm of Paramatman	2
202	265	သာမညလက္ခဏာကို နှလုံးမသွင်းသင့်ပုံ	sāmaññalakkhaṇākiု naှluṃ”mashaငya”saင’yapuṃ	How to not pay attention to common signs	0
203	265	သိထားသင့်သော အကြောင်းပြချက်	sithā”saင’yaso akaြောငya”paြkhaျkya	Reasons to know	2
204	267	ခန္ဓာငါးပါးဟူသည် ဘာလဲ¿	khandhāငါ”pā”hūsaññya bhālaဲ¿	What are the Five Elements?	1
205	268	အဿာသ-ပဿာသ	assāsa-passāsa	အ⁇ သ - ပ⁇ ာ သ	0
206	268	အဿာသ-ပဿာသ ကမ္မိကပုဂ္ဂိုလ်	assāsa-passāsa kammikapuggiုlya	Atsatha: A person who is pious	1
207	269	ဈာနကမ္မိကပုဂ္ဂိုလ်	jhānakammikapuggiုlya	Jnana Kami person	2
208	271	မဟာဋီကာ၏ အဆိုအမိန့်	mahāṭīkā၏ achiုamina’ya	Mahathika's statement	2
209	273	ပညတ်-ပရမတ်	paññatya-paramatya	Law: Paramatman	1
210	274	(င) နိမိတ် (၃) မျိုး	(င) nimitya (3) maျို”	(E) Three signs	0
211	274	ပရိကမ္မနိမိတ်	parikammanimitya	The sign of Parikamma	1
212	275	(စ) အာနာပါနဿတိသမာဓိ၏ ညစ်နွမ်းကြောင်း ဥပက္ကိလေသ (၁၈) ပါး	(ca) ānāpānassatisamādhi၏ ññacyanhamya”kaြောငya” upakkilesa (18) pā”	F	0
213	275	ပထမ ဆက္က - အပြစ် (၆) ပါး	pathama chakka - apaြcya (6) pā”	First, the six sins	1
214	276	အဿာသ-ပဿာသ အယူအဆ	assāsa-passāsa ayūacha	Astha - The concept of paradise	1
215	277	ဒုတိယ ဆက္က - အပြစ် (၆) ပါး	dutiya chakka - apaြcya (6) pā”	Second, the six sins	1
216	278	တတိယ ဆက္က - အပြစ် (၆) ပါး	tatiya chakka - apaြcya (6) pā”	Third: Six sins	1
217	279	(ဆ) သိအောင် အားထုတ်ရမည့် အချက်	(cha) siaောငya ā”thutyaramañña’ya akhaျkya	(G) The point to make an effort to know	1
218	280	အာနာပါနလုပ်ငန်းခွင်သို့ ချဉ်းကပ်ပုံ နှစ်မျိုး	ānāpānalupyaငnya”khhaငyasiု’ khaျñya”kapyapuṃ naှcyamaျို”	Two approaches to နာnနာpနna's work	2
219	282	မေးမြန်းဖွယ်ရာ အချက်များ	me”maြnya”phhayyarā akhaျkyamaျာ”	Questions to ask	1
220	283	ထိုသို့ အားထုတ်ကောင်းပါသလား	thiုsiု’ ā”thutyakoငya”pāsalā”	Is that worth the effort?	1
221	284	ထပ်မံ မေးမြန်းဖွယ် အချက်တစ်ရပ်	thapyamaṃ me”maြnya”phhayya akhaျkyatacyarapya	Another question to ask	1
222	285	သမာပတ်နှင့် ဝိပဿနာ	samāpatyanaှင’ya vipassanā	Integrity and Vipassana	2
223	287	စမ်းသပ်ကြည့်ပါ	camya”sapyakaြñña’yapā	Give it a try	1
224	288	ပဉ္စသန္ဓိက = အဆစ်အပိုင်း ငါးရပ်	pañcasandhika = achacyaapiုငya” ငါ”rapya	Five joints = five joints	1
225	289	နှလုံးသွင်းပုံ အစီအစဉ်	naှluṃ”shaငya”puṃ acīacañya	Heart program	1
226	290	ဂဏနာ = ရေတွက်နည်း	gaṇanā = rethakyanaññya”	Numbers = counting methods	1
227	291	စပါးခြင်သမား ရေတွက်နည်း	capā”khaြငyasamā” rethakyanaññya”	How to calculate the number of paddy mosquitoes?	2
228	293	နွားကျောင်းသား ရေတွက်နည်း	nhā”kaျောငya”sā” rethakyanaññya”	How to count cowboys?	1
229	294	ဘာ၀နာပြည့်စုံအောင် ကျင့်နည်း	bhā0nāpaြñña’yacuṃaောငya kaျင’yanaññya”	How to practice meditation?	1
230	295	အဘယ်မျှကြာအောင် ရေတွက်ရမှာလဲ¿	abhayyamaျှkaြာaောငya rethakyaramaှာlaဲ¿	How long does it take to count?	0
231	295	၁။ အရှည် -2． အတို	1． araှññya -2． atiု	1. Length -2． Short	0
232	295	ပဋိသမ္ဘိဒါမဂ်ပါဠိတော်	paṭisambhidāmagyapāḷitoya	The Pali Canon	3
234	298	ပကတိသော ဝင်သက်လေ-ထွက်သက်လေမှ ဘာ၀နာစိတ် ဆုတ်နစ်သွားပုံ	pakatiso vaငyasakyale-thhakyasakyalemaှ bhā0nācitya chutyanacyashā”puṃ	Breathing in and out of the body	1
235	299	ဥပေက္ခာ ဖြစ်ပုံ-တည်ပုံ	upekkhā phaြcyapuṃ-taññyapuṃ	Ignorance - Structure	0
236	299	ဒီဃံ (ရဿံ) အဿာသပဿာသာ ကာယော	dīghaṃ (rassaṃ) assāsapassāsā kāyo	I'm not sure if I'm going to be able to do that	1
237	300	ဥပဋ္ဌာနံ သတိ = သတိထင်မှု	upaṭṭhānaṃ sati = satithaငyamaှု	Mindfulness = mindfulness	0
238	300	အနုပဿနာ ဉာဏံ = အဖန်ဖန်ရှုခြင်းသည် ဉာဏ် မည်၏	anupassanā ñāṇaṃ = aphanyaphanyaraှုkhaြငya”saññya ñāṇya maññya၏	Anupasana Wisdom = Meditation is wisdom.	1
239	301	ကာယသည် ဥပဋ္ဌာန မည်၏၊ သတိ မမည်	kāyasaññya upaṭṭhāna maññya၏， sati mamaññya	The body is the foundation. I will not be careful	1
240	302	တံ ကာယံ အနုပဿတိ	taṃ kāyaṃ anupassati	တံ ကာ ယံ အ ပတ္ တိ	0
241	302	အရေးကြီးလှသော အယူအဆတစ်ရပ်	are”kaြီ”laှso ayūachatacyarapya	An important concept	2
242	304	ပဋိသမ္ဘိဒါမဂ်ပါဠိတော်၏ မိန့်ဆိုတော်မူချက်	paṭisambhidāmagyapāḷitoya၏ mina’yachiုtoyamūkhaျkya	Speech of the Pratibhidamag Pali	1
243	305	လုပ်ငန်းခွင် aUရှသို့ဆက်ရန်	lupyaငnya”khhaငya aUraှsiု’chakyaranya	Continue to Workplace	1
244	306	သဗ္ဗကာယ ပဋိသံဝေဒီ	sabbakāya paṭisaṃvedī	I'm not sure if I'm going to be able to do that	1
245	307	ပဋိသမ္ဘိဒါမဂ်ပါဠိတော်၏ မိန့်ဆိုတော်မူချက်	paṭisambhidāmagyapāḷitoya၏ mina’yachiုtoyamūkhaျkya	Speech of the Pratibhidamag Pali	1
246	308	သဗ္ဗကာယပဋိသံဝေဒီ-ပုဒ်ကို ဓာတ်ခွဲပုံ	sabbakāyapaṭisaṃvedī-pudyakiု dhātyakhhaဲpuṃ	Abhidhamma: How to break a syllable	2
247	310	သိက္ခတိ - ထည့်၍ ဟောရခြင်းအကြောင်း	sikkhati - thañña’ya၍ horakhaြငya”akaြောငya”	Sikkhati: About preaching	1
250	311	အဿသိဿာမိ ပဿသိဿာမိ-ဟု အနာဂတ်ဝိဘတ်ဖြင့် ဟောတော်မူရခြင်း၏ အကြောင်းရင်း	assasissāmi passasissāmi-hu anāgatyavibhatyaphaြင’ya hotoyamūrakhaြငya”၏ akaြောငya”raငya”	The reason why he foretold in the future vibhaga:	1
251	312	အနုဗန္ဓနာနည်း	anubandhanānaññya”	Anubandana method	3
252	315	ပင်္ဂုလောပမာ = သူဆွံ့ ဥပမာ	paṅgulopamā = sūchhaṃ’ upamā	For example, he is paralyzed	1
253	316	ဒေါဝါရိကူပမာ = တံခါးစောင့် ဥပမာ	dovārikūpamā = taṅkhā”coင’ya upamā	For example, Dawari Kupa = gatekeeper, for example	0
254	316	ကကစူပမာ = လွှ ဥပမာ	kakacūpamā = lhaှ upamā	For example = saw	3
255	319	ပဿမ္ဘယံ = ငြိမ်းအောင်ကျင့်ပုံ	passambhayaṃ = ငြိmya”aောငyakaျင’yapuṃ	Pathambayan = how to practice peace	1
256	320	ဩဠာရိက - သုခုမ - ပဿဒ္ဓိ	oḷārika - sukhuma - passaddhi	ဠ ရိ က က - ခု ခု - - ပ ပ ဒ္ ဒ္ ဓ ဓ။	2
257	322	အကြောင်းပြချက်	akaြောငya”paြkhaျkya	the reason	1
258	323	ဩဠာရိက - သုခုမ	oḷārika - sukhuma	ဠ ရိ က က - - သု ခု ခု မ	0
259	323	ဒီဃဘာဏက-သံယုတ္တဘာဏကတို့၏ အဆို	dīghabhāṇaka-saṃyuttabhāṇakatiု’၏ achiု	Diga Bankaka: The statement of Thanyuttabanaka	1
260	324	မဇ္ဈိမဘာဏကတို့၏ အဆို	majjhimabhāṇakatiု’၏ achiု	According to Mizzima Bank	0
262	324	ခပ်သိမ်းသော မထေရ်မြတ်တို့၏ တူညီသောဝါဒ	khapyasimya”so matheryamaြtyatiု’၏ tūññīsovāda	The same doctrine of all the saints	0
263	324	ဝိပဿနာပိုင်း၌ အဆင့်ဆင့် ငြိမ်းပုံ	vipassanāpiုငya”၌ achaင’yachaင’ya ငြိmya”puṃ	Step by step in Vipassana	2
264	326	ပဋိသမ္ဘိဒါမဂ် ပါဠိတော်၏ ရှင်းလင်းချက်	paṭisambhidāmagya pāḷitoya၏ raှငya”laငya”khaျkya	Explanation of the Pratibhidamag Pali	4
265	330	ထပ်မံ ရှင်းလင်းချက်များ	thapyamaṃ raှငya”laငya”khaျkyamaျာ”	Further explanations	0
266	330	ဘာ၀နာဖြစ်ပုံ = ကောင်းစွာ ဆောင်ထားနိုင်ပုံ	bhā0nāphaြcyapuṃ = koငya”chā choငyathā”niုငyapuṃ	Meditation = how to carry it well	1
267	331	ရိုသေလေးစားစွာ လိုက်နာရမည်	riုsele”cā”chā liုkyanāramaññya	Must be obeyed with respect	1
268	332	ဘာ၀နာလုပ်ငန်းခွင် အဆင့်ဆင့်	bhā0nālupyaငnya”khhaငya achaင’yachaင’ya	Meditation practice steps	1
269	333	သတိပြုရမည့် အချက်တစ်ရပ်	satipaြုramañña’ya akhaျkyatacyarapya	One thing to keep in mind	0
270	333	ကြေးခွက်တီးနှက်သည့် ဥပမာ	kaြေ”khhakyatī”naှkyasañña’ya upamā	An example of a percussion instrument	2
272	335	အခြားကမ္မဋ္ဌာန်းများနှင့် မတူသော ထူးခြားချက်	akhaြာ”kammaṭṭhānya”maျာ”naှင’ya matūso thū”khaြာ”khaျkya	What makes it different from other Kamma Dhammas?	0
273	335	ဣရိယာပုထ် ပြင်သင့်-မပြင်သင့်	iriyāputhya paြငyasaင’ya-mapaြငyasaင’ya	Adjectives should be fixed or not	1
274	336	အသစ်အသစ် ဖြစ်ရပုံ	asacyaasacya phaြcyarapuṃ	How to be new	0
275	336	အကြောင်း ဥပါယ်	akaြောငya” upāyya	About	1
276	337	အဿာသပဿာသ မရှိသော ပုဂ္ဂိုလ်များ	assāsapassāsa maraှိso puggiုlyamaျာ”	People who do not have a sense of humor	2
277	339	ဥဂ္ဂဟနိမိတ် - ပဋိဘာဂနိမိတ်	uggahanimitya - paṭibhāganimitya	The sign of Uggah - the sign of Prabhupada	1
278	340	ဘာ၀နာသညာ ကွဲပြားမှု	bhā0nāsaññā khaဲpaြာ”maှု	Differences in meditation	1
279	341	နဝတ္တဗ္ဗဓမ္မာရုံ	navattabbadhammāruṃ	Nawattabha Temple	2
280	343	ပြည့်စုံရမည့် တရားသုံးပါး	paြñña’yacuṃramañña’ya tarā”suṃ”pā”	Three Dhammas to be Fulfilled	0
282	343	ဒီဃဘာဏက မဇ္ဈိမဘာဏကတို့၏ ဆိုဆုံးမချက်	dīghabhāṇaka majjhimabhāṇakatiု’၏ chiုchuṃ”makhaျkya	This is the advice of Mizzima Bank	1
283	344	ဌပနာခေတ်သို့ ဆိုက်ပြီ	ṭhapanākhetyasiု’ chiုkyapaြီ	It has reached the age of meditation	2
285	346	တစ်ခုတည်းသော ဘာ၀နာစိတ်၏ အာရုံ ဖြစ်နိုင်ပုံ	tacyakhutaññya”so bhā0nācitya၏ āruṃ phaြcyaniုငyapuṃ	How to be the only meditator	1
286	347	အခက်အခဲများနှင့် ရင်ဆိုင်ရပုံ	akhakyaakhaဲmaျာ”naှင’ya raငyachiုငyarapuṃ	How to face difficulties	1
287	348	နိမိတ်ဝေးကွာနေသော်	nimityave”khānesoya	When the sign is far away	1
288	349	အရောင်နှင့် လက္ခဏာကို နှလုံးမသွင်းရ	aroငyanaှင’ya lakkhaṇākiု naှluṃ”mashaငya”ra	Do not pay attention to color and signs	2
289	351	သပ္ပါယ အသပ္ပါယ (၇) ပါး	sappāya asappāya (7) pā”	There are seven things that are good for you	0
290	351	၁။ အာဝါသ = နေရာ	1． āvāsa = nerā	1. Avatar = place	1
291	352	၂။ ဂေါစရဂါမ = ဆွမ်းခံရွာ	2． gocaragāma = chhamya”khaṃrhā	2. Gosaragama = alms village	0
292	352	၃။ ဘဿ = စကားပြောမှု	3． bhassa = cakā”paြောmaှု	3. Bhasa = conversation	0
293	352	တိရစ္ဆာနကထာသုတ္တန်	tiracchānakathāsuttanya	Animal Sutta	3
294	355	၄။ သပ္ပါယပုဂ္ဂလ - အသပ္ပါယပုဂ္ဂလ	4． sappāyapuggala - asappāyapuggala	4. Sappaya person - Sappaya person	0
295	355	၅။ ဘောဇန = အစာအာဟာရ	5． bhojana = acāāhāra	5. Food = food	0
296	355	၆။ ဥတု = ရာသီဥတု	6． utu = rāsīutu	6. Climate = weather	1
297	356	၇။ ဣရိယာပုထ်	7． iriyāputhya	7. Iriyaputta	1
298	357	အပ္ပနာကောသလ္လ တရား (၁၀) ပါး	appanākosalla tarā” (10) pā”	The Ten Precepts of Appana Kosala	0
299	357	၁။ ဝတ္ထုကို သန့်ရှင်းအောင် ပြုခြင်း	1． vatthukiု sana’yaraှငya”aောငya paြုkhaြငya”	1. Purification of the object	1
300	358	၂။ ဣန္ဒြေ ညီမျှအောင်ပြုခြင်း	2． indaြေ ññīmaျှaောငyapaြုkhaြငya”	2. Equilibrium	2
301	360	သဒ္ဓါလွန်နေသော်	saddhālhanyanesoya	When you lose your faith	1
302	361	သဒ္ဓိန္ဒြေ ဖြစ်အောင် နှလုံးမသွင်းရ	saddhindaြေ phaြcyaaောငya naှluṃ”mashaငya”ra	Do not pay attention to the concept of fertility	1
303	362	ဝီရိယ လွန်နေသော်	vīriya lhanyanesoya	When you are too diligent	1
304	363	အရှင်ဝက္ကလိမထေရ်	araှငyavakkalimatherya	Ashin Vakkalimathar	1
305	364	အရှင်သောဏမထေရ်	araှငyasoṇamatherya	I'm not sure what to do	0
306	364	သူတော်ကောင်းတို့၏ ချီးမွမ်းသံ	sūtoyakoငya”tiု’၏ khaျီ”mhamya”saṃ	Praise of the righteous	1
308	365	သဒ္ဓါလွန်၍ ပညာအားနည်းသော် - ပညာလွန်၍ သဒ္ဓါအားနည်းသော်	saddhālhanya၍ paññāā”naññya”soya - paññālhanya၍ saddhāā”naññya”soya	When faith is weak beyond wisdom - When wisdom is weak beyond faith	1
309	366	သမာဓိ နှင့် ဝီရိယ	samādhi naှင’ya vīriya	Integrity and diligence	0
310	366	သမာဓိကမ္မိက နှင့် ဝိပဿနာကမ္မိက	samādhikammika naှင’ya vipassanākammika	Samadhi Kamma and Vipassana Kamma	2
311	368	သတိ ¿	sati ¿	Warning 	3
312	371	၃။ နိမိတ္တကောသလ္လ	3． nimittakosalla	3. Nimitta Kosalla	0
313	371	စိတ္တေကဂ္ဂတာ နိမိတ် နှစ်မျိုး	cittekaggatā nimitya naှcyamaျို”	Two Signs of Mindfulness	1
314	372	ကောသလ္လတရား သုံးပါး	kosallatarā” suṃ”pā”	The Three Noble Truths	1
315	373	၄။ စိတ်ဓာတ်ကို မြှင့်တင်ပေးပါ	4． cityadhātyakiု maြှင’yataငyape”pā	4. Raise your spirits	0
316	373	အဂ္ဂိသုတ္တန် ကောက်နုတ်ချက်	aggisuttanya kokyanutyakhaျkya	Excerpt from Aggi Sutta	1
317	374	အာဟာရသုတ္တန် ကောက်နုတ်ချက်	āhārasuttanya kokyanutyakhaျkya	Excerpts from Nutrition	2
318	376	သတိသမ္ဗောဇ္ဈင်	satisambojjhaငya	The enlightenment factor of mindfulness	1
319	377	ဓမ္မဝိစယ သမ္ဗောဇ္ဈင်	dhammavicaya sambojjhaငya	The enlightenment factor of Dhamma-visaya	1
320	378	ဝီရိယသမ္ဗောဇ္ဈင်	vīriyasambojjhaငya	The enlightenment factor of diligence	1
321	379	ပီတိသမ္ဗောဇ္ဈင်	pītisambojjhaငya	The enlightenment factor of rapture	1
322	380	သတိသမ္ဗောဇ္ဈင် ဖြစ်ကြောင်းတရား (၄)ပါး	satisambojjhaငya phaြcyakaြောငya”tarā” (4)pā”	The Four Noble Truths of the Enlightenment Factor of Mindfulness	1
323	381	သမ္ပဇဉ် လေးမျိုး	sampajañya le”maျို”	The Four Noble Truths	2
324	383	ဓမ္မဝိစယသမ္ဗောဇ္ဈင် ဖြစ်ကြောင်း တရား (၇) ပါး	dhammavicayasambojjhaငya phaြcyakaြောငya” tarā” (7) pā”	The Seven Dhammas of the Enlightenment Factor of Dhamma and Visaya	1
325	384	သမာဓိနှင့် ပညာ	samādhinaှင’ya paññā	Integrity and Wisdom	1
326	385	ကလျာဏမိတ္တသုတ္တန် ကောက်နုတ်ချက်	kalaျာṇamittasuttanya kokyanutyakhaျkya	Excerpt from Kalyana Mitta Sutta	4
327	389	ဝီရိယသမ္ဗောဇ္ဈင် ဖြစ်ကြောင်းတရား (၁၁)ပါး	vīriyasambojjhaငya phaြcyakaြောငya”tarā” (11)pā”	The 11 Dhammas of the Enlightenment Factor of Viriya	2
328	391	အယျမိတ္တမထေရ်မြတ်ကြီး	ayaျmittamatheryamaြtyakaြီ”	My dear friend	1
329	392	အနုဋီကာ၌ လာရှိသော အဖွင့်တစ်မျိုး	anuṭīkā၌ lāraှိso aphhaင’yatacyamaျို”	A kind of opening in Anutika	0
330	392	တောင်မြို့ဆရာတော်၏ အယူအဆ	toငyamaြို’charātoya၏ ayūacha	The idea of ​​the Southern Sayadaw	6
331	398	သံယုတ်ဋီကာ၏ မှာထားချက်	saṃyutyaṭīkā၏ maှာthā”khaျkya	Order of the Evil One	0
332	398	မဟာဋီကာ၏ မှာထားချက်တစ်ရပ်	mahāṭīkā၏ maှာthā”khaျkyatacyarapya	An order from Mahathir	1
333	399	ပီတိသမ္ဗောဇ္ဈင် ဖြစ်ကြောင်းတရား (၁၁) ပါး	pītisambojjhaငya phaြcyakaြောငya”tarā” (11) pā”	The 11 Dhammas of the Enlightenment Factor of Happiness	3
334	402	၅။ စိတ်ဓာတ်ကို နှိပ်ကွပ်ပေးပါ	5． cityadhātyakiု naှိpyakhapyape”pā	5. Suppress the spirit	0
335	402	အဂ္ဂိသုတ္တန် ကောက်နုတ်ချက်	aggisuttanya kokyanutyakhaျkya	Excerpt from Aggi Sutta	1
336	403	ပဿဒ္ဓိသမ္ဗောဇ္ဈင် ဖြစ်ကြောင်းတရား	passaddhisambojjhaငya phaြcyakaြောငya”tarā”	The Dhamma of the Enlightenment Factor of Peace	0
337	403	သမာဓိသမ္ဗောဇ္ဈင် ဖြစ်ကြောင်းတရား	samādhisambojjhaငya phaြcyakaြောငya”tarā”	The Dhamma of the Enlightenment Factor of Integrity	1
338	404	ဥပေက္ခာသမ္ဗောဇ္ဈင် ဖြစ်ကြောင်းတရား	upekkhāsambojjhaငya phaြcyakaြောငya”tarā”	The Dhamma of the Enlightenment Factor of Ecstasy	0
339	404	အဋ္ဌကထာအဖွင့်များ	aṭṭhakathāaphhaင’yamaျာ”	Opening of the eighth stanza	1
340	405	ယောနိသော မနသိကာရ	yoniso manasikāra	Vaginal incontinence	0
341	405	သမထနိမိတ်ဟူသည်	samathanimityahūsaññya	It is a sign of unity	1
342	406	ဥပေက္ခာသမ္ဗောဇ္ဈင်၏ တည်ရာတရား	upekkhāsambojjhaငya၏ taññyarātarā”	The Dhamma of the enlightenment factor of equanimity	0
343	406	မဇ္ဈတ္တာကာရ = အလယ်အလတ် အခြင်းအရာ	majjhattākāra = alayyaalatya akhaြငya”arā	M ဈdh ကာk ကာra = intermediate state	0
344	406	အထူးမှာထားချက်	athū”maှာthā”khaျkya	Special order	1
345	407	လိုရင်းမှတ်သားရန်	liုraငya”maှtyasā”ranya	Note:	0
346	407	ပဿဒ္ဓိသမ္ဗောဇ္ဈင် ဖြစ်ကြောင်းတရား (၇)ပါး	passaddhisambojjhaငya phaြcyakaြောငya”tarā” (7)pā”	The Seven Dhammas of the Enlightenment Factor of Peace	3
347	410	သမာဓိသမ္ဗောဇ္ဈင် ဖြစ်ကြောင်းတရား (၁၁)ပါး	samādhisambojjhaငya phaြcyakaြောငya”tarā” (11)pā”	The 11 Dhammas of the Enlightenment Factor of Integrity	1
348	411	နိဒဿနနည်းဟု မှတ်ပါ	nidassananaññya”hu maှtyapā	Think of it as a method	0
349	411	အထူးမှာထားချက်	athū”maှာthā”khaျkya	Special order	3
350	414	သဒ္ဓါ၏ စွမ်းအင်	saddhā၏ chamya”aငya	The power of faith	0
351	414	သံဝေဂဝတ္ထု (၈) ပါး	saṃvegavatthu (8) pā”	Eight Sanctuary Stories	1
352	415	ပါဠိတော်နှင့် အဋ္ဌကထာ	pāḷitoyanaှင’ya aṭṭhakathā	The Pali Canon and the Eightfold Path	4
353	419	အထူးသတိပြုရမည့် အချက်တစ်ရပ်	athū”satipaြုramañña’ya akhaျkyatacyarapya	One thing to keep in mind	0
354	419	ဥပေက္ခာသမ္ဗောဇ္ဈင် ဖြစ်ကြောင်းတရားငါးပါး	upekkhāsambojjhaငya phaြcyakaြောငya”tarā”ငါ”pā”	The Five Elements of the Enlightenment Factor of Ecstasy	3
355	422	ရရှိနိုင်သော အကျိုးတရား	raraှိniုငyaso akaျို”tarā”	Benefits Available	1
356	423	နိမိတ္တာဘိမုခပဋိပါဒန	nimittābhimukhapaṭipādana	Nimitta Bimukha Padipada	3
357	426	အာနာပါနနိမိတ်ကို ကစားသင့်ပါသလား¿ တိုးပွားစေသင့်ပါသလား¿	ānāpānanimityakiု kacā”saင’yapāsalā”¿ tiု”phā”cesaင’yapāsalā”¿	Should I play Anapana omen? Should I increase it?	1
358	427	ပဌမဇ္ဈာနကထာ	paṭhamajjhānakathā	The first verse	1
359	428	ဥပစာရသမာဓိဇော	upacārasamādhijo	For example, Samadhi Zaw	0
360	428	ဈာန်ဇောတို့၏ အမည်များ	jhānyajotiု’၏ amaññyamaျာ”	Names of Jhan Zaw	2
361	430	စိတ္တက္ခဏတစ်ချက်သာ	cittakkhaṇatacyakhaျkyasā	Just a moment	0
362	430	ပထမဈာန်သမာဓိ	pathamajhānyasamādhi	The first jhana samadhi	1
363	431	နီ၀ရဏတရား ငါးပါး	nī0raṇatarā” ငါ”pā”	The Five Precepts	1
364	432	အထူးမှတ်သားရန်	athū”maှtyasā”ranya	Note:	0
365	432	ဈာန်အင်္ဂါ ငါးပါး	jhānyaaṅgā ငါ”pā”	The Five Elements	2
366	434	သမာဓိနှစ်မျိုးတို့၏ ထူးခြားချက်	samādhinaှcyamaျို”tiု’၏ thū”khaြာ”khaျkya	What is the difference between the two?	1
367	435	သတိပြုသင့်ပုံ	satipaြုsaင’yapuṃ	How to be careful	0
368	435	ဘဝင်စိတ်ဟူသည်	bhavaငyacityahūsaññya	What is instinct?	2
369	437	ဣရိယာပုထ် ဘာကြောင့် ခိုင်နေရသလဲ ¿	iriyāputhya bhākaြောင’ya khiုငyanerasalaဲ ¿	Why is the adjective so strong?	1
370	438	အလွန်ရနိုင်ခဲသောအရာ	alhanyaraniုငyakhaဲsoarā	Very rare	1
371	439	ဝိတက် - ဝိစာရ	vitakya - vicāra	Vitak - Visara	2
372	441	ဝိတက်နှင့် ဝိစာရ အထူး	vitakyanaှင’ya vicāra athū”	Vitak and Visara special	0
373	441	ဒုကနိပါတ် အဋ္ဌကထာ၏ အဆို	dukanipātya aṭṭhakathā၏ achiု	According to the Eightfold Path of Dukanipada	1
374	442	တစ်နည်းဆိုရသော်	tacyanaññya”chiုrasoya	In other words	0
375	442	ပီတိ - သုခ	pīti - sukha	Piti - Thukha	1
376	443	ပီတိ - ငါးမျိုး	pīti - ငါ”maျို”	Ecstasy - five kinds	1
377	444	သုခ	sukha	Thank you	1
378	445	အင်္ဂါ ငါးပါးကို ပယ်၏	aṅgā ငါ”pā”kiု payya၏	The five elements are rejected.	1
379	446	အင်္ဂါငါးပါးနှင့် ပြည့်စုံ၏	aṅgāငါ”pā”naှင’ya paြñña’yacuṃ၏	It has five elements.	2
380	448	ကောင်းခြင်းသုံးဖြာ လက္ခဏာဆယ်ပါး	koငya”khaြငya”suṃ”phaြာ lakkhaṇāchayyapā”	The Ten Commandments of Goodness	3
381	451	ဈာန်ဟူသည်	jhānyahūsaññya	What is Jhan?	1
382	452	ကြာမြင့်စွာ တည်တံ့ ခိုင်ခံ့ရေး	kaြာmaြင’yachā taññyataṃ’ khiုငyakhaṃ’re”	Fri-term sustainability	2
383	454	အာဒိကမ္မိကပုဂ္ဂိုလ် လိုက်နာရမည့်စည်းကမ်း	ādikammikapuggiုlya liုkyanāramañña’yacaññya”kamya”	Rules to be followed by a person	0
384	454	ဝင်စားမှု များပါစေ၊ ဆင်ခြင်မှု နည်းပါစေ၊	vaငyacā”maှု maျာ”pāce， chaငyakhaြငyamaှု naññya”pāce，	Get more traffic. Be less thoughtful.	1
385	455	ဂါဝီဥပမာသုတ္တန် ကောက်နုတ်ချက်	gāvīupamāsuttanya kokyanutyakhaျkya	Gavi Example Sutta Excerpt	1
386	456	၀သီဘော် ငါးတန်	0sībhoya ငါ”tanya	Five tons of Wa Thi Baw	0
387	456	၁။ အာဝဇ္ဇန၀သီ	1． āvajjana0sī	1. Avajjanavathi	2
388	458	၂။ သမာပဇ္ဇန၀သီ	2． samāpajjana0sī	2. Sama Pazzanavathi	0
389	458	လျင်မြန်မှု စွမ်းအင်	laျငyamaြnyamaှု chamya”aငya	Speed ​​energy	1
390	459	၃။ အဓိဋ္ဌာန၀သီ	3． adhiṭṭhāna0sī	3. Vow	0
391	459	၄။ ဝုဋ္ဌာန၀သီ	4． vuṭṭhāna0sī	4. Vuttanavathi	1
392	460	၅။ ပစ္စဝေက္ခဏ၀သီ	5． paccavekkhaṇa0sī	5. I'm not sure what to do	1
393	461	ဒုတိယဇ္ဈာနကထာ	dutiyajjhānakathā	The second verse	1
394	462	ဝိတက် ဝိစာရ ချုပ်ငြိမ်းမှု	vitakya vicāra khaျုpyaငြိmya”maှု	Ceasefire	1
395	463	သဒ္ဓါနှင့် သမာဓိ	saddhānaှင’ya samādhi	Faith and concentration	2
396	465	ဝိတက် ဝိစာရ ပြုတ်ချိန်	vitakya vicāra paြုtyakhaျိnya	When to cook	1
397	466	တတိယဇ္ဈာနကထာ	tatiyajjhānakathā	The third verse	1
398	467	တတိယဈာန်ရသူ	tatiyajhānyarasū	Recipient of the third jhana	0
399	467	ဥပေက္ခကော စ ဝိဟရတိ	upekkhako ca viharati	Upekkha Kosa Viharati	1
400	468	သတော စ သမ္ပဇာနော	sato ca sampajāno	သ တော် စ သမ္ ပ ဇာ နော်	1
401	469	သုခဉ္စ ကာယေန ပဋိသံဝေဒေတိ	sukhañca kāyena paṭisaṃvedeti	I'm not sure if I'm going to be able to do that	1
402	470	ဥပေက္ခကော သတိမာ သုခဝိဟာရီ	upekkhako satimā sukhavihārī	I'm not sure if it's because I don't know what to do with it	2
403	472	စတုတ္ထဇ္ဈာနကထာ	catutthajjhānakathā	The fourth stanza	1
404	473	စတုတ္ထဈာန်	catutthajhānya	The fourth jhana	2
405	475	မေးမြန်းဖွယ်ရာ အချက်တစ်ရပ်	me”maြnya”phhayyarā akhaျkyatacyarapya	A question to ask	2
406	477	အဒုက္ခမသုခံ	adukkhamasukhaṃ	I do not suffer	1
407	478	ဥပေက္ခာ သတိ ပါရိသုဒ္ဓိံ	upekkhā sati pārisuddhiṃ	Upekkha Satiparisuddhi	1
408	479	ချီးမွမ်းရခြင်း၏ အကြောင်းရင်း	khaျီ”mhamya”rakhaြငya”၏ akaြောငya”raငya”	Reason for Praise	1
409	480	ပဉ္စကနည်း	pañcakanaññya”	What?	1
410	481	ဝိပဿနာကူးပုံ အကျဉ်းချုပ်	vipassanākū”puṃ akaျñya”khaျုpya	Summary of Vipassana transmission	2
411	483	အထူးမှာကြားချက်	athū”maှာkaြာ”khaျkya	Special order	0
412	483	ဒုတိယ စတုက္က	dutiya catukka	The second stock	4
413	487	တတိယ စတုက္က	tatiya catukka	Third Stake	3
414	490	သတိပြုရန်အချက်	satipaြုranyaakhaျkya	A word of caution	0
415	490	စတုတ္ထ စတုက္က	catuttha catukka	The fourth stump	7
416	497	အနုပဿနာလေးပါး	anupassanāle”pā”	The Four Noble Truths	1
417	498	သမာဓိ၏ အကျိုးဂုဏ်အင်အာနိသင် ငါးပါး	samādhi၏ akaျို”guṇyaaငyaānisaငya ငါ”pā”	Five Benefits of Integrity	0
418	498	၁။ ဒိဋ္ဌဓမ္မ သုခဝိဟာရာနိသံသာ	1． diṭṭhadhamma sukhavihārānisaṃsā	1. Ditta Dhamma Thukha Viharani Sangha	0
419	498	၂။ ဝိပဿနာနိသံသာ	2． vipassanānisaṃsā	2. Vipassana Dhamma	1
420	499	၃။ အဘိညာနိသံသာ	3． abhiññānisaṃsā	3. Abhiyani Sangha	0
421	499	၄။ ဘ၀ဝိသေသာနိသံသာ	4． bha0visesānisaṃsā	4. Life is unique	2
422	501	၅။ နိရောဓာနိသံသာ	5． nirodhānisaṃsā	5. Nirodhanisantha	1
423	502	စတုတ္ထဈာန်၏ ဂုဏ်အင်္ဂါ ရှစ်ပါး	catutthajhānya၏ guṇyaaṅgā raှcyapā”	The eight attributes of the fourth jhana	0
424	502	၁။ ပရိသုဒ္ဓ = စင်ကြယ်ခြင်း	1． parisuddha = caငyakaြyyakhaြငya”	1. Purity = purity	0
425	502	၂။ ပရိယောဒါတ = ပြိုးပြိုးပြက်ပြက် အရောင်တလက်လက် ရှိခြင်း	2． pariyodāta = paြို”paြို”paြkyapaြkya aroငyatalakyalakya raှိkhaြငya”	2. Priyodata = having a bright color	1
426	503	၃။ အနင်္ဂဏ = လောဘ-ဒေါသ အညစ်အကြေး ကင်းခြင်း	3． anaṅgaṇa = lobha-dosa aññacyaakaြေ” kaငya”khaြငya”	3. Anangana = greed - the filth of anger	0
427	503	၄။ ဝိဂတူပက္ကိလေသ = ဥပက္ကိလေသ အညစ်အကြေး ကင်းခြင်း	4． vigatūpakkilesa = upakkilesa aññacyaakaြေ” kaငya”khaြငya”	4. Vikatu Pakkiletha = Ukpakilatha Pollution	0
428	503	၅။ မုဒုဘူတ = နူးညံ့ခြင်း	5． mudubhūta = nū”ññaṃ’khaြငya”	5. Mudubuta = tenderness	0
429	503	၆။ ကမ္မနိယ = ဘာ၀နာမှု၌ ခံ့ညားမှု ရှိခြင်း	6． kammaniya = bhā0nāmaှု၌ khaṃ’ññā”maှု raှိkhaြငya”	6. Kamma = perseverance in meditation	1
430	504	၇။ ဌိတ = တည်တံ့မှု ရှိခြင်း	7． ṭhita = taññyataṃ’maှု raှိkhaြငya”	7. Chitta = sustainability	0
431	504	၈။ အာနေဉ္ဇပ္ပတ္တ = မတုန်လှုပ်ခြင်းသို့ ရောက်ရှိခြင်း	8． āneñjappatta = matunyalaှုpyakhaြငya”siု’ rokyaraှိkhaြငya”	8. Enlightenment = reaching unshakable	0
432	504	၇။ ဌိတ = တည်တံ့မှု ရှိခြင်း	7． ṭhita = taññyataṃ’maှု raှိkhaြငya”	7. Chitta = sustainability	1
433	505	၈။ အာနေဉ္ဇပ္ပတ္တ = တုန်လှုပ်မှု မရှိခြင်း	8． āneñjappatta = tunyalaှုpyamaှု maraှိkhaြငya”	8. Annejjapatta = no trembling	1
434	506	တစ်နည်း ဂုဏ်အင်္ဂါ ရှစ်ပါး	tacyanaññya” guṇyaaṅgā raှcyapā”	One of the eight attributes	4
435	510	ဉာဏ်ရောင် အကြောင်း	ñāṇyaroငya akaြောငya”	About intelligence	0
436	510	ဩဘာသ သုတ္တန်	obhāsa suttanya	ဩ Religion Sutta	0
437	510	ပညာရောင် = ဉာဏ်ရောင်	paññāroငya = ñāṇyaroငya	Wisdom = Wisdom	2
438	512	ပစလာယမာနသုတ္တန် ကောက်နုတ်ချက်	pacalāyamānasuttanya kokyanutyakhaျkya	Excerpt from Pasalayamana Sutta	0
439	512	အာလောကသညာ	ālokasaññā	The world perception	5
440	517	မဟာဋီကာ၏ အဖွင့်	mahāṭīkā၏ aphhaင’ya	The opening of the Mahatika	1
441	518	ဥပက္ကိလေသာလောက	upakkilesāloka	The world of apathy	0
442	518	ဉာဏ်ရောင်ဆိုတာ ဘာလဲ¿	ñāṇyaroငyachiုtā bhālaဲ¿	What is Wisdom?	3
443	521	အနီးစပ်ဆုံး အကြောင်းတစ်ရပ်	anī”capyachuṃ” akaြောငya”tacyarapya	The closest thing	0
444	521	ဥပစာရ စကားဟု မှတ်ပါ	upacāra cakā”hu maှtyapā	Think of it as a metaphor	1
445	522	ရူပါရုံအမျိုးမျိုးကို တွေ့မြင်နိုင်သည်	rūpāruṃamaျို”maျို”kiု the’maြငyaniုငyasaññya	You can see different visions	2
446	524	ကသိဏာလောက - ပရိကမ္မာလောက	kasiṇāloka - parikammāloka	The world of consciousness - the world of paradise	1
448	525	လင်းရောင်ခြည်ကို လက်မခံလိုသော ဆရာမြတ်တို့၏ အကြောင်းပြချက်	laငya”roငyakhaြññyakiု lakyamakhaṃliုso charāmaြtyatiု’၏ akaြောငya”paြkhaျkya	The reason why the great teachers do not want to accept the ray of light	1
449	526	အဓိစိတ္တသုတ္တန် ခေါ် နိမိတ္တသုတ္တန်	adhicittasuttanya khoya nimittasuttanya	The Sutta of the Supreme Personality of Godhead	1
450	527	အဓိစိတ္တ ဟူသည်	adhicitta hūsaññya	It is the essence	1
451	528	ပဘဿရ - ပရိယောဒါတ	pabhassara - pariyodāta	Pabhasara: Pariyodata	3
452	531	အရောင်အလင်းချင်း ရောထွေးတတ်ပုံ	aroငyaalaငya”khaျငya” rothhe”tatyapuṃ	How to mix colors with light	1
453	532	မေးမြန်းသင့်သော အချက်တစ်ရပ်	me”maြnya”saင’yaso akhaျkyatacyarapya	One thing to ask	3
454	535	ရုပ်ကမ္မဋ္ဌာန်းပိုင်း	rupyakammaṭṭhānya”piုငya”	Physical discipline	
455	535	ပညာဘူမိ-မူလ-သရီရ၀ဝတ္ထာန	paññābhūmi-mūla-sarīra0vatthāna	Wisdom Land - Original - Sariyawattana	1
456	536	သီလဝိသုဒ္ဓိ	sīlavisuddhi	Thila Vidudhi	1
457	537	စိတ္တဝိသုဒ္ဓိ	cittavisuddhi	စိတ် ဝိ သဒ္ ဓိ	2
458	539	ဒိဋ္ဌိဝိသုဒ္ဓိ	diṭṭhivisuddhi	Ditthi Visuddhi	0
459	539	ယေဘုယျ စည်းကမ်း သတ်မှတ်ချက်	yebhuyaျ caññya”kamya” satyamaှtyakhaျkya	General Terms and Conditions	2
460	541	သမထယာနိက	samathayānika	Samatha Yanika	0
461	541	နေ၀သညာနာသညာယတနဈာန်	ne0saññānāsaññāyatanajhānya	Sun-consciousness	0
462	541	အာနာပါနကျင့်စဉ်မှ ဒိဋ္ဌိဝိသုဒ္ဓိသို့	ānāpānakaျင’yacañyamaှ diṭṭhivisuddhisiု’	From the practice of ပါnပါpနna to Ditthi Visuddhi	1
463	542	ဝေနေယျဇ္ဈာသယ	veneyaျjjhāsaya	I'm not sure what to do	1
464	543	ဣန္ဒြိယဘေဒ = ဣန္ဒြေ ကွဲပြားမှု	indaြိyabheda = indaြေ khaဲpaြာ”maှု	Indian Buddhism = the difference between the senses	0
465	543	အဇ္ဈာသယဓာတ် - အကြိုက်ချင်း မတူညီသူများ	ajjhāsayadhātya - akaြိုkyakhaျငya” matūññīsūmaျာ”	Acupuncture: People with different tastes	1
466	544	သတိပြုရမည့် အချက်	satipaြုramañña’ya akhaျkya	Note:	0
467	544	ဣန္ဒြေ (၂၂) ပါး	indaြေ (22) pā”	22 senses	0
468	544	သစ္စာနှင့် ပဋိစ္စသမုပ္ပါဒ်	saccānaှင’ya paṭiccasamuppādya	Faith and the law of truth	1
469	545	ရုပ် (၂၈) ပါး	rupya (28) pā”	28 figures	0
470	545	မဟာဘုတ် (= ဓာတ်ကြီး) လေးပါး	mahābhutya (= dhātyakaြီ”) le”pā”	Four Great Boards	1
471	546	ပသာဒရုပ် = အကြည်ရုပ် = အကြည်ဓာတ် ငါးပါး	pasādarupya = akaြññyarupya = akaြññyadhātya ငါ”pā”	Pathadarup = Transcendence = The five elements	0
472	546	ဂေါစရရုပ် = အာရုံရုပ် (၇) မျိုး	gocararupya = āruṃrupya (7) maျို”	Gossip = seven kinds of senses	0
473	546	ဘာ၀ရုပ် (၂) ပါး	bhā0rupya (2) pā”	Two life forms	1
474	547	ဟဒယဝတ္ထုရုပ် တစ်ပါး	hadayavatthurupya tacyapā”	A Hadaya novel	0
475	547	ဇီဝိတရုပ် တစ်ပါး	jīvitarupya tacyapā”	A living thing	0
476	547	အာဟာရဇရုပ် တစ်ပါး	āhārajarupya tacyapā”	A nutritional figure	2
477	549	ရုပ်အစစ် (၁၈) ပါး	rupyaacacya (18) pā”	18 real figures	0
478	549	အနိပ္ဖန္နရုပ် = ရုပ်အတု (၁၀) မျိုး	anipphannarupya = rupyaatu (10) maျို”	Nirvana = 10 kinds of idols	1
479	550	လက္ခဏရုပ် (၄) ပါး	lakkhaṇarupya (4) pā”	Four characteristics	1
480	551	ဘူတရုပ်နှင့် ဥပါဒါရုပ်	bhūtarupyanaှင’ya upādārupya	Bhutara and Upada	0
481	551	ရုပ်တို့၏ ဖြစ်ပုံသဘော	rupyatiု’၏ phaြcyapuṃsabho	The nature of matter	1
482	552	ဓာတ်ကြီးလေးပါးကို စတင် သိမ်းဆည်းပုံ	dhātyakaြီ”le”pā”kiု cataငya simya”chaññya”puṃ	How to start storing the four elements	1
483	553	ဓာတုမနသိကာရပဗ္ဗ	dhātumanasikārapabba	Chemical ignorance	1
484	554	ဆိုလိုသော သဘောတရား	chiုliုso sabhotarā”	Meaning	1
485	555	ဃနဝိနိဗ္ဘောဂ	ghanavinibbhoga	ဃ Navinibb ဘောga	0
486	555	အဋ္ဌကထာ၏ လုပ်ငန်းခွင်ညွှန်ကြားချက် (၁)	aṭṭhakathā၏ lupyaငnya”khhaငyaññhaှnyakaြာ”khaျkya (1)	Work Instruction of the Eightfold Path (1)	1
487	556	အဋ္ဌကထာ၏ လုပ်ငန်းခွင်ညွှန်ကြားချက် (၂)	aṭṭhakathā၏ lupyaငnya”khhaငyaññhaှnyakaြာ”khaျkya (2)	Work Instruction of the Eightfold Path (2)	1
488	557	ရူပန္တွေ၀ သင်္ခံ ဂစ္ဆတိ	rūpanthe0 saṅkhaṃ gacchati	Gissati of the material world	0
489	557	ညွှန်ကြားချက် နှစ်ရပ်တို့၏ ထူးခြားမှု	ññhaှnyakaြာ”khaျkya naှcyarapyatiု’၏ thū”khaြာ”maှု	Distinguish between the two instructions	1
490	558	စတုဓာတု၀ဝတ္ထာနဘာ၀နာ	catudhātu0vatthānabhā0nā	Fourth chemical meditation	1
491	559	ဓာတ်ကမ္မဋ္ဌာန်း ရှုပွားသူ ပုဂ္ဂိုလ် နှစ်မျိုး	dhātyakammaṭṭhānya” raှုphā”sū puggiုlya naှcyamaျို”	There are two types of meditators	1
492	560	အကျဉ်းနည်း - အကျယ်နည်း	akaျñya”naññya” - akaျyyanaññya”	Short - wide	0
493	560	ကမ္မဋ္ဌာန်း ထင်ရှားပုံ - မထင်ရှားပုံ	kammaṭṭhānya” thaငyaraှာ”puṃ - mathaငyaraှာ”puṃ	How the Kamma Dharma is manifested or not	1
494	561	တိက္ခပညဝါ - နာတိတိက္ခပညဝါ	tikkhapaññavā - nātitikkhapaññavā	တိက် ခ ပညာ - န တိ တိက် ပညာ	0
495	561	ဓာတ်ဆိုတာဘာလဲ¿	dhātyachiုtābhālaဲ¿	What is electricity?	1
496	562	လက္ခဏ နှင့် ရသ	lakkhaṇa naှင’ya rasa	Symptoms	1
497	563	ဥပဋ္ဌာနာကာရ-ဟူသည်	upaṭṭhānākāra-hūsaññya	It is called Upathana Nakara	1
498	564	ထင်ရှားရာကို ရွေးချယ်ပါ	thaငyaraှာ”rākiု rhe”khaျyyapā	Choose the prominent one	0
499	564	ဓာတ်သဘော (၁၂) မျိုး	dhātyasabho (12) maျို”	Twelve elements	1
500	565	အကြောင်းပြချက်	akaြောငya”paြkhaျkya	the reason	1
501	566	မေးမြန်းဖွယ် အချက်တစ်ရပ်	me”maြnya”phhayya akhaျkyatacyarapya	A question to ask	3
502	569	အလုပ်စခန်းကို စတင်အားထုတ်ပုံ	alupyacakhanya”kiု cataငyaā”thutyapuṃ	How to start a work camp	0
503	569	၀-လုံးတန်းက စပါ	0-luṃ”tanya”ka capā	Start with 0	1
504	570	သမာဓိ ထူထောင်ပါ	samādhi thūthoငyapā	Establish Integrity	0
505	570	သမုဒီရဏရသ = တွန်းကန်မှုသဘော	samudīraṇarasa = thanya”kanyamaှုsabho	The meaning of repulsion = repulsion	2
506	572	ကက္ခဠတ္တလက္ခဏာ = မာမှုသဘော	kakkhaḷattalakkhaṇā = māmaှုsabho	Character = toughness	0
507	572	အံကြိတ်တရား မဟုတ်ပါ	aံkaြိtyatarā” mahutyapā	Not grinding teeth	2
508	574	ထဒ္ဓဘာ၀ = ကြမ်းမှုသဘော	thaddhabhā0 = kaြmya”maှုsabho	Thaddhava = roughness	0
509	574	ဂရုက = လေးမှုသဘော	garuka = le”maှုsabho	Care = respect	0
510	574	ဝိတ္ထမ္ဘနလက္ခဏ = ထောက်ကန်မှုသဘော	vitthambhanalakkhaṇa = thokyakanyamaှုsabho	Vittambana sign = support	1
511	575	သမုဒီရဏ နှင့် ဝိတ္ထမ္ဘန	samudīraṇa naှင’ya vitthambhana	Samudirana and Vittambana	1
512	576	မုဒုက = ပျော့မှု = ပျော့ပျောင်းမှုသဘော	muduka = paျော’maှု = paျော’paျောငya”maှုsabho	Muduka = ​​softness = softness	0
513	576	သဏှ = ချောမှု - သဘောတရား	saṇaှ = khaျောmaှု - sabhotarā”	Gravity = smoothness - concept	1
514	577	လဟုက = ပေါ့မှုသဘောတရား	lahuka = po’maှုsabhotarā”	Lahu = The concept of lightness	0
515	577	ဥဏှဘာ၀ = ဥဏှတေဇော = ပူမှုသဘော	uṇaှbhā0 = uṇaှtejo = pūmaှုsabho	Enlightenment = Enlightenment = the meaning of heat	0
516	577	သီတဘာ၀ = သီတတေဇော = အေးမှုသဘော	sītabhā0 = sītatejo = aေ”maှုsabho	Sita Bhava = Sita Tay Zaw = the meaning of coolness	0
517	577	ဒြ၀ဘာ၀ = ပဂ္ဃရဏလက္ခဏာ = ယိုစီးမှုသဘောနှင့် ဖွဲ့စည်းမှုသဘော	daြ0bhā0 = paggharaṇalakkhaṇā = yiုcī”maှုsabhonaှင’ya phhaဲ’caññya”maှုsabho	Nature = characteristic = leakage and formation	1
518	578	အာပေါဓာတ်ကို ရှုလို့ မရနိုင်ဟူသော အယူအဆ	āpodhātyakiု raှုliု’ maraniုငyahūso ayūacha	The idea that you can't see apocalypse	2
519	580	ပဓာနိယင်္ဂတရား ငါးပါး	padhāniyaṅgatarā” ငါ”pā”	The Five Precepts	1
520	581	၁။ သဒ္ဓါတရား ရှိခြင်း (ပထမ ပဓာနိယင်္ဂတရား)	1． saddhātarā” raှိkhaြငya” (pathama padhāniyaṅgatarā”)	1. Faith (First Dhamma)	1
521	582	သဒ္ဓါ (၄) မျိုးနှင့် ဤ၌ လိုအပ်သော သဒ္ဓါ	saddhā (4) maျို”naှင’ya ī၌ liုapyaso saddhā	There are four kinds of faith and the faith needed here	1
522	583	ဘုရားရှင်၏ ဗောဓိဉာဏ်တော်မြတ်	bhurā”raှငya၏ bodhiñāṇyatoyamaြtya	God's wisdom	1
523	584	ဒေသနာ သီသမျှသာ ဖြစ်သည်	desanā sīsamaျှsā phaြcyasaññya	All the sermons	0
524	584	၂။ ကျန်းမာရေးကောင်းခြင်း (ဒုတိယ ပဓာနိယင်္ဂတရား)	2． kaျnya”māre”koငya”khaြငya” (dutiya padhāniyaṅgatarā”)	2. Good Health (Second Principle)	0
525	584	၃။ မာယာ-သာဌေယျ ကင်းခြင်း (တတိယ ပဓာနိယင်္ဂတရား)	3． māyā-sāṭheyaျ kaငya”khaြငya” (tatiya padhāniyaṅgatarā”)	3. Maya - Abstinence (Third Dhamma)	1
526	585	၄။ သမ္မပ္ပဓာန် လုံ့လဝီရိယ ရှိခြင်း (စတုတ္ထ ပဓာနိယင်္ဂတရား)	4． sammappadhānya luṃ’lavīriya raှိkhaြငya” (catuttha padhāniyaṅgatarā”)	4. Dhammapadhana Diligence (Fourth Dhamma)	0
527	585	၅။ ဝိပဿနာဉာဏ်ပညာနှင့် ပြည့်စုံခြင်း (ပဉ္စမ ပဓာနိယင်္ဂတရား)	5． vipassanāñāṇyapaññānaှင’ya paြñña’yacuṅkhaြငya” (pañcama padhāniyaṅgatarā”)	5. Perfection of Vipassana Wisdom (Fifth Principle)	1
528	586	နိုင်နင်းအောင်လေ့ကျင့်ပါ	niုငyanaငya”aောငyale’kaျင’yapā	Keep rehearsing it until you can say it with conviction and confidence	0
529	586	က-ကြီး ခ-ခွေး တန်း	ka-kaြီ” kha-khhe” tanya”	A - Big B - Dog ranch	0
530	586	ဓာတ်ကြီး (၄)ပါးကို ခြုံ၍ သမာဓိထူထောင်ပါ	dhātyakaြီ” (4)pā”kiု khaြုံ၍ samādhithūthoငyapā	Build integrity by covering the four elements	1
531	587	ဤအချိန်တွင် နှလုံးကို မစိုက်ပါနှင့်	īakhaျိnyathaငya naှluṃ”kiု maciုkyapānaှင’ya	Do not plant your heart at this time	0
532	587	လေးချက် - ပြောင်းရှုပါ၊	le”khaျkya - paြောငya”raှုpā，	Step # 4- Discovering Your Purpose	1
533	588	မနသိကာရ ကောသလ္လတရား (၁၀) ပါး	manasikāra kosallatarā” (10) pā”	The Ten Unwholesome Dhammas	0
534	588	၁။ အနုပုဗ္ဗတော = အစဉ်အတိုင်း ရှုပါ	1． anupubbato = acañyaatiုငya” raှုpā	1. Anu Pobbataw = See in order	0
535	588	၂။ နာတိသီဃတော = မမြန်လွန်းစေရ	2． nātisīghato = mamaြnyalhanya”cera	2. Nati Thi Taw = Do not be too fast	0
536	588	၃။ နာတိသဏိကတော = မနှေးလွန်းစေရ	3． nātisaṇikato = manaှေ”lhanya”cera	3. Nati Sanika = Do not be too slow	1
537	589	၄။ ဝိက္ခေပပဋိဗာဟနတော = အပြင်အာရုံကို မရှုရ	4． vikkhepapaṭibāhanato = apaြငyaāruṅkiု maraှုra	4. Vipassana Prabhup ဟda: Do not look at the external senses	1
538	590	အယူအဆ မမှားစေလိုပါ	ayūacha mamaှာ”celiုpā	I do not want to mislead you	0
539	590	သတိကြီးစွာဖြင့် သွားရမည်	satikaြီ”chāphaြင’ya shā”ramaññya	You have to be very careful	0
540	590	၅။ ပဏ္ဏတ္တိသမတိက္ကမနတော = ပညတ်ကို ကျော်အောင် ကျင့်ပါ	5． paṇṇattisamatikkamanato = paññatyakiု kaျောyaaောငya kaျင’yapā	5. Pandita Samatikkamanataw = Practice breaking the law	2
541	592	သုည-နိဿတ္တ-နိဇ္ဇီ၀	suñña-nissatta-nijjī0	Zero - Nitsatta - Niziva	0
542	592	ဗဟိဒ္ဓ၌ ထင်လာပုံ	bahiddha၌ thaငyalāpuṃ	How it appears in the external world	0
543	592	၆။ အနုပဋ္ဌာနမုဉ္စနတော = မထင်ရှားသော ဓာတ်အချို့ကို လွှတ်ထားနိုင်သည်	6． anupaṭṭhānamuñcanato = mathaငyaraှာ”so dhātyaakhaျို’kiု lhaှtyathā”niုငyasaññya	6. Anupatthana Mutsana forest = can release some invisible elements	1
544	593	သုခသမ္ဖဿ-ဒုက္ခသမ္ဖဿ	sukhasamphassa-dukkhasamphassa	Thukha Samphatha - Dukkha Samphatha	1
545	594	၇။ လက္ခဏတော = သဘာ၀လက္ခဏာကိုသာ ဦးစားပေး ရှုပါ	7． lakkhaṇato = sabhā0lakkhaṇākiုsā ū”cā”pe” raှုpā	7. Character forest = give priority to nature	1
546	595	၈။ အဓိစိတ္တသုတ္တန်	8． adhicittasuttanya	8. The essence of the mind	3
547	598	၉။ အနုတ္တရသီတိဘာ၀ သုတ္တန်	9． anuttarasītibhā0 suttanya	9. Anuttara Thiti Bhava Sutta	0
548	598	ဆိုလိုရင်း သဘောတရား	chiုliုraငya” sabhotarā”	Meaning	1
549	599	ပဏီတာဓိမုတ္တိက	paṇītādhimuttika	Panita Dimotti	0
550	599	၁၀။ ဗောဇ္ဈင်္ဂသုတ္တန် (အဂ္ဂိသုတ္တန်)	10． bojjhaṅgasuttanya (aggisuttanya)	10. Enlightenment Sutta (Aggi Sutta)	1
551	600	ဣရိယာပထနှင့် သမ္ပဇည ရှုကွက်	iriyāpathanaှင’ya sampajañña raှုkhakya	Iriyapatha and Sampaja view	1
552	601	သဘာ၀လက္ခဏာကိုသာ ဦးစားပေး၍ သမာဓိကို ထူထောင်ပါ	sabhā0lakkhaṇākiုsā ū”cā”pe”၍ samādhikiု thūthoငyapā	Build integrity by prioritizing nature	1
553	602	ဥပစာရဈာန်	upacārajhānya	For example	3
554	605	ထပ်မံ ရှင်းလင်းတင်ပြချက်	thapyamaṃ raှငya”laငya”taငyapaြkhaျkya	Further explanation	1
555	606	ဘဝင် ကျနေတတ်ပါသည်	bhavaငya kaျnetatyapāsaññya	It tends to fall into place	1
556	607	aUရှပြေး အမှတ်အသားများ	aUraှpaြေ” amaှtyaasā”maျာ”	aU Running Marks	0
557	607	အချို့ယောဂီများ၌ ဖြစ်တတ်ပုံအချို့	akhaျို’yogīmaျာ”၌ phaြcyatatyapuṃakhaျို’	Here are some suggestions on how to look or get an appointment for acne treatment	0
558	607	ဗဟိဒ္ဓ၌ ထင်လာပုံ	bahiddha၌ thaငyalāpuṃ	How it appears in the external world	2
559	609	အဖြူ နှင့် အကြည်ပြင်	aphaြူ naှင’ya akaြññyapaြငya	White and clear	2
560	611	ပါရမီရှင် သူတော်ကောင်းများ	pāramīraှငya sūtoyakoငya”maျာ”	Talented people	0
561	611	အာကာသဓာတ်ကို ရှုရန်	ākāsadhātyakiု raှုranya	To see the atmosphere	2
562	613	အာကာသဓာတ်ကို မြင်အောင် ရှုပုံ	ākāsadhātyakiု maြငyaaောငya raှုpuṃ	How to see space	0
563	613	အကြည်ဓာတ် (၆) ပါး	akaြññyadhātya (6) pā”	The six elements	1
564	614	နဒီသောတော ဝိယ - ဒီပဇာလာ ဝိယ	nadīsoto viya - dīpajālā viya	Nadi Thawawiya - Dipazalaviya	0
565	614	မြစ်ရေအယဉ်ကဲ့သို့ - ဆီမီးအလျှံကဲ့သို့	maြcyareyañyakaဲ’siု’ - chīmī”alaျှံkaဲ’siု’	Like a river, like a flood of lamps	1
566	615	အတုံးအခဲ အကြီး-အသေး	atuṃ”akhaဲ akaြီ”-ase”	Large or small lumps	0
567	615	ရုပ်ကလာပ်များကို တွေ့စအချိန်	rupyakalāpyamaျာ”kiု the’caakhaျိnya	When the bodies were first found	1
568	616	ရုပ်ကလာပ်တစ်ခု၏ ပမာဏ	rupyakalāpyatacyakhu၏ pamāṇa	The size of a corpse	1
569	617	အခက်အခဲ တစ်ရပ်	akhakyaakhaဲ tacyarapya	A challenge	0
570	617	ဘူတရုပ် = ဓာတ်လေးပါးနှင့် အကြည်ဓာတ်	bhūtarupya = dhātyale”pā”naှင’ya akaြññyadhātya	Buddhism = The Four Noble Truths	1
571	618	လမ်းလွဲသွားတတ်ပုံကို သတိပြုပါ	lamya”lhaဲshā”tatyapuṅkiု satipaြုpā	Beware of deviations	1
572	619	ပရမတ္ထ သစ္စာနယ်သို့	paramattha saccānayyasiု’	To the realm of Paramatman	1
573	620	ဣန္ဒြေ-ဗောဇ္ဈင်များ ညီမျှအောင် ကျင့်ပါ	indaြေ-bojjhaငyamaျာ” ññīmaျှaောငya kaျင’yapā	Practice the senses - the factors of enlightenment	1
574	621	ထိုက်သလို ဟူသည်	thiုkyasaliု hūsaññya	That's worth it	1
575	622	သတ္တသညာ-အတ္တသညာ ကွာပြီ	sattasaññā-attasaññā khāpaြီ	Satta-perception is different	2
576	624	(၄၂) ကောဋ္ဌာသသို့	(42) koṭṭhāsasiု’	(42) To the Department	0
577	624	ဗဟိဒ္ဓ၌ ထင်လာပုံ	bahiddha၌ thaငyalāpuṃ	How it appears in the external world	1
578	625	လမ်းသုံးသွယ်	lamya”suṃ”shayya	Three roads	3
579	628	ဓာတ်ကမ္မဋ္ဌာန်း အကျဉ်း - အကျယ်	dhātyakammaṭṭhānya” akaျñya” - akaျyya	Synopsis: Extensive	0
580	628	ဥပါဒါရုပ်များ ထင်ရှားလာပုံ	upādārupyamaျာ” thaငyaraှာ”lāpuṃ	How Upadasa Appears	2
581	630	ဥပါဒါရုပ်များကို ရှုပွားသိမ်းဆည်းပုံ	upādārupyamaျာ”kiု raှုphā”simya”chaññya”puṃ	How to save images	7
582	637	(၆) ဒွါရ၌ တည်ရှိသော ရုပ်ကလာပ်များ	(6) dhāra၌ taññyaraှိso rupyakalāpyamaျာ”	(6) The corpses located in Dwara	3
583	640	ရုပ်ကမ္မဋ္ဌာန်းပိုင်း ဇယားများ	rupyakammaṭṭhānya”piုငya” jayā”maျာ”	Physical table	6
584	646	ရူပနိဗ္ဗတ္တိပဿနာကာရ ရုပ်တို့၏ ဖြစ်မှုကို ရှုပုံ အခြင်းအရာ	rūpanibbattipassanākāra rupyatiု’၏ phaြcyamaှုkiု raှုpuṃ akhaြငya”arā	The way of looking at the origin of the material form of Nibb ဗna	1
585	647	ဆိုဖွယ် အထူးကား	chiုphhayya athū”kā”	What a special car	1
586	648	ချုပ်ပုံသဘော	khaျုpyapuṃsabho	Stitching concept	1
587	649	၁။ ကမ္မ = ကံ ဟူသည်	1． kamma = kaṃ hūsaññya	1. Kamma = kamma	2
588	651	၂။ ကမ္မသမုဋ္ဌာန = ကံလျှင်ဖြစ်ကြောင်းရှိသောတရား	2． kammasamuṭṭhāna = kaṃlaျှငyaphaြcyakaြောငya”raှိsotarā”	2. Kamma Samutthana = Dhamma that arises by chance	0
589	651	၃။ ကမ္မပစ္စယ = ကံဟူသော အထောက်အပံ့ရှိသောတရား	3． kammapaccaya = kaṃhūso athokyaapaṃ’raှိsotarā”	3. Dhamma with the support of kamma-pissya = kamma	1
590	652	၄။ ကမ္မပစ္စယ စိတ္တသမုဋ္ဌာနရုပ်	4． kammapaccaya cittasamuṭṭhānarupya	4. The image of Kamma Pissaya Sitta Samutthana	1
591	653	၅။ ကမ္မပစ္စယ အာဟာရသမုဋ္ဌာနရုပ်	5． kammapaccaya āhārasamuṭṭhānarupya	5. Physical nutrition	1
592	654	လိုရင်းမှတ်သားပါ	liုraငya”maှtyasā”pā	Make a note of it	1
593	655	၆။ ကမ္မပစ္စယ ဥတုသမုဋ္ဌာနရုပ်	6． kammapaccaya utusamuṭṭhānarupya	6. The image of Kammapisya Utu Samutthana	0
594	655	စိတ္တဇရုပ်၏ ဖြစ်ပေါ်လာပုံ	cittajarupya၏ phaြcyapoyalāpuṃ	The origin of mental illness	0
595	655	၁။ စိတ္တ = စိတ်	1． citta = citya	1. Mind = mind	1
596	656	စိတ္တဇရုပ် - ဣရိယာပုထ်-ဝိညတ်ရုပ်	cittajarupya - iriyāputhya-viññatyarupya	Psychological image - Iriyaput - Spiritual image	0
597	656	ဣရိယာပထ = ဣရိယာပုထ်	iriyāpatha = iriyāputhya	First adjective = adjective	1
598	657	စိတ္တဇရုပ် နှင့် ဣရိယာပုထ်	cittajarupya naှင’ya iriyāputhya	Psychology and adjectives	1
599	658	]]စိတ္တဇရုပ် သာမန်ကိုသာ ဖြစ်စေနိုင်၏}}	]]cittajarupya sāmanyakiုsā phaြcyaceniုငya၏}}	]] Can only cause normal mental appearance}}	0
600	658	စိတ်စွမ်းအင်များ	cityachamya”aငyamaျာ”	Mental powers	1
601	659	မနောဒွါရိကဇောသာ	manodhārikajosā	Zaw Thar from Manodari	0
602	659	စိတ္တဇရုပ်ကို မဖြစ်စေနိုင်သော စိတ်များ	cittajarupyakiု maphaြcyaceniုငyaso cityamaျာ”	Emotions that can not cause mental illness	1
603	660	ပဋိသန္ဓေစိတ်က စိတ္တဇရုပ်ကို မဖြစ်စေနိုင်ပုံ	paṭisandhecityaka cittajarupyakiု maphaြcyaceniုငyapuṃ	How Pregnancy Doesn't Make You Psycho	3
604	663	ရဟန္တာအရှင်မြတ်တို့၏ စုတိစိတ်	rahantāaraှငyamaြtyatiု’၏ cuticitya	The mind of the arahants	0
605	663	စူးစမ်းဆင်ခြင်ပါ	cū”camya”chaငyakhaြငyapā	Think about it	0
606	663	စုတိစိတ် အယူအဆ	cuticitya ayūacha	The concept of mindfulness	2
607	665	မဓုဋီကာ၏ ချေပချက်	madhuṭīkā၏ khaျpekhaျkya	Madhika's answer	0
608	665	ပဉ္စဝိညာဏ်တို့ ရုပ်ကို မဖြစ်စေပုံ	pañcaviññāṇyatiု’ rupyakiု maphaြcyacepuṃ	How consciousness does not give rise to form	1
609	666	အရူပဝိပါက်က ရုပ်ကို မဖြစ်စေနိုင်ပုံ	arūpavipākyaka rupyakiု maphaြcyaceniုငyapuṃ	How the physical does not transform matter	1
610	667	ဥပါဒ်ခဏ၌သာ ရုပ်ကို ဖြစ်စေနိုင်သည်	upādyakhaṇa၌sā rupyakiု phaြcyaceniုငyasaññya	It can only be formed in a moment	1
611	668	စိတ် + စေတသိက်	citya + cetasikya	Mind + Satisfaction	0
612	668	စိတ်တစ်လုံး၏ စွမ်းအင်	cityatacyaluṃ”၏ chamya”aငya	The power of a mind	1
613	669	၂။ စိတ္တသမုဋ္ဌာန်တရား	2． cittasamuṭṭhānyatarā”	2. The Dhamma of Mindfulness	0
614	669	၃။ စိတ္တပစ္စယတရား	3． cittapaccayatarā”	3. Mindfulness	2
615	671	၄။ စိတ္တပစ္စယ အာဟာရသမုဋ္ဌာနရုပ်	4． cittapaccaya āhārasamuṭṭhānarupya	4. Mental health nutrition	0
616	671	၅။ စိတ္တပစ္စယ ဥတုသမုဋ္ဌာနရုပ်	5． cittapaccaya utusamuṭṭhānarupya	5. Psychological material	0
617	671	ဥတု အာဟာရတို့၏စွမ်းအင်နှင့် စိတ်စွမ်းအင်	utu āhāratiု’၏chamya”aငyanaှင’ya cityachamya”aငya	The energy and mental energy of climate	1
618	672	အာဟာရဇရုပ် ဖြစ်ပုံအပိုင်း	āhārajarupya phaြcyapuṃapiုငya”	The nutritional component	0
619	672	၁။ အာဟာရ	1． āhāra	1. Nutrition	2
620	674	အဇ္ဈောဟရိတဗ္ဗဝတ္ထုက	ajjhoharitabbavatthuka	I'm not sure if I'm going to be able to do that	2
621	676	ဗဟုသုတရေးရာ သိမှတ်စရာ	bahusutare”rā simaှtyacarā	Knowledge	2
622	678	၂။ အာဟာရသမုဋ္ဌာနရုပ်	2． āhārasamuṭṭhānarupya	2. Nutrition	1
623	679	၃။ အာဟာရပစ္စယရုပ်	3． āhārapaccayarupya	3. Nutrition	1
624	680	၄။ အာဟာရပစ္စယ အာဟာရသမုဋ္ဌာနရုပ်	4． āhārapaccaya āhārasamuṭṭhānarupya	4. Nutrition Material Nutrition	1
625	681	စူးစမ်းရမည့် အချက်တစ်ရပ်	cū”camya”ramañña’ya akhaျkyatacyarapya	One thing to look for	2
626	683	၅။ အာဟာရပစ္စယ ဥတုသမုဋ္ဌာနရုပ်	5． āhārapaccaya utusamuṭṭhānarupya	5. Nutrition	2
627	685	နိဿယ - မှီရာ အကြောင်းတရား	nissaya - maှီrā akaြောငya”tarā”	Nitsaya: The cause of dependence	0
628	685	ဥတုဇရုပ်တို့၏ ဖြစ်ပေါ်ပုံ	utujarupyatiု’၏ phaြcyapoyapuṃ	The origin of the idols	1
629	686	၁။ ဥတု = တေဇောဓာတ်	1． utu = tejodhātya	1. Weather = energy	2
630	688	၂။ ဥတုသမုဋ္ဌာန = ဥတုကြောင့် ဖြစ်သောရုပ်	2． utusamuṭṭhāna = utukaြောင’ya phaြcyasorupya	2. Utusamutthana = matter due to weather	1
631	689	၃။ ဥတုပစ္စယရုပ်	3． utupaccayarupya	3. Utopia	1
632	690	၄။ ဥတုပစ္စယ ဥတုသမုဋ္ဌာနရုပ်	4． utupaccaya utusamuṭṭhānarupya	4. Utopisya Utupasamutthana form	0
633	690	ထပ်မံ ရှင်းလင်းချက်	thapyamaṃ raှငya”laငya”khaျkya	Further explanation	3
634	693	ဝိပဿနောဘာသ = ဝိပဿနာဉာဏ်ရောင်	vipassanobhāsa = vipassanāñāṇyaroငya	Vipassana Buddhism = Enlightenment	0
635	693	၅။ ဥတုပစ္စယ အာဟာရသမုဋ္ဌာန	5． utupaccaya āhārasamuṭṭhāna	5. Utopisya Nutrition Center	1
636	694	ဇနက နှင့် ဥပတ္ထမ္ဘက	janaka naှင’ya upatthambhaka	Janaka and Upattamba	1
637	695	မျက်စိ၌ ကြည်သည့် ရုပ်ကလာပ်များကို ခွဲခြားပုံ	maျkyaci၌ kaြññyasañña’ya rupyakalāpyamaျာ”kiု khhaဲkhaြာ”puṃ	How to distinguish corpses in the eye	1
638	696	ရှုပွားသိမ်းဆည်းပုံစနစ်	raှုphā”simya”chaññya”puṃcanacya	Image storage system	1
639	697	သိအောင် ရှုပွားရမည့် အချက်	siaောငya raှုphā”ramañña’ya akhaျkya	Things to know	1
640	698	နား၌တည်ရှိသော ကမ္မဇကလာပ်များကို ရှုပုံ	nā”၌taññyaraှိso kammajakalāpyamaျာ”kiု raှုpuṃ	How to look at the cells in the ear	1
641	699	နှာခေါင်း၌ တည်ရှိသော ကမ္မဇကလာပ်များကို ရှုပုံ	naှာkhoငya”၌ taññyaraှိso kammajakalāpyamaျာ”kiု raှုpuṃ	How to look at the cells in the nose	1
642	700	လျှာ၌တည်ရှိသော ကမ္မဇကလာပ်များကို ရှုပုံ	laျှာ၌taññyaraှိso kammajakalāpyamaျာ”kiု raှုpuṃ	How to look at the cells in the tongue	0
643	700	ကိုယ်၌တည်ရှိသော ကမ္မဇကလာပ်များကို ရှုပုံ	kiုyya၌taññyaraှိso kammajakalāpyamaျာ”kiု raှုpuṃ	How to look at the cells in the body	1
644	701	နှလုံး၌တည်ရှိသော ကမ္မဇကလာပ်များကို ရှုပုံ	naှluṃ”၌taññyaraှိso kammajakalāpyamaျာ”kiု raှုpuṃ	How to look at the cells in the heart	1
645	702	အခက်အခဲကို ကျော်လွှားနိုင်ရေး	akhakyaakhaဲkiု kaျောyalhaှာ”niုငyare”	Overcoming Obstacles	1
646	703	စိတ္တဇရုပ်များကို ရှုပွားသိမ်းဆည်းပုံ	cittajarupyamaျာ”kiု raှုphā”simya”chaññya”puṃ	How to capture emotional images	1
647	704	ဥတုဇရုပ်များကို ရှုပွားသိမ်းဆည်းပုံ	utujarupyamaျာ”kiု raှုphā”simya”chaññya”puṃ	How to save images	4
648	708	အာဟာရဇရုပ်များကို ရှုပွားသိမ်းဆည်းပုံ	āhārajarupyamaျာ”kiု raှုphā”simya”chaññya”puṃ	How to store nutrients	4
649	712	အထူးသတိပြုရန်	athū”satipaြုranya	Be especially careful	0
650	712	နှစ်ခွ - နှစ်ခွ - ရောယှက် ဖြစ်ပုံ	naှcyakhha - naှcyakhha - royaှkya phaြcyapuṃ	Two-leg-two-mix	1
651	713	မဟာဋီကာ၏ ဖွင့်ဆိုချက်	mahāṭīkā၏ phhaင’yachiုkhaျkya	Mahatika's definition	3
652	716	အထူးသတိပြုရန်	athū”satipaြုranya	Be especially careful	1
653	717	ဒွါရ (၆) ပါး - (၆) ဌာန	dhāra (6) pā” - (6) ṭhāna	Six Dwaras - Six Departments	0
654	717	အကြံပေးချက်	akaြံpe”khaျkya	Suggestion	1
655	718	ရုပ်တရားဟု သိမ်းဆည်းပါ	rupyatarā”hu simya”chaññya”pā	Save it as material	1
656	719	(၄၂) ကောဋ္ဌာသ - ဓာတ်ကမ္မဋ္ဌာန်း အကျယ်နည်း	(42) koṭṭhāsa - dhātyakammaṭṭhānya” akaျyyanaññya”	(42) K ဌာdh သtha: How wide is the Dhamma Kamma?	0
657	719	ပထဝီဓာတ်လွန်ကဲသော ပထဝီကောဋ္ဌာသ (၂၀) - တစ ပဉ္စက	pathavīdhātyalhanyakaဲso pathavīkoṭṭhāsa (20) - taca pañcaka	Excessive Geographical Departments (20): One-fifth	0
658	719	(၄၄) မျိုးသော ရုပ်	(44) maျို”so rupya	44 kinds of matter	0
659	719	ဝက္က ပဉ္စက - ပပ္ဖါသ ပဉ္စက	vakka pañcaka - papphāsa pañcaka	ဝက္ က ပ⁇ ္စ က - ပပ္ ပါ သ ပ⁇ ္စ က	1
660	720	မတ္ထလုင်္ဂ ပဉ္စက	matthaluṅga pañcaka	Matthalainga Pyinsa	0
661	720	အာပေါဓာတ်လွန်ကဲသော အာပေါကောဋ္ဌာသ (၁၂) မျိုး - မေဒ ဆက္က	āpodhātyalhanyakaဲso āpokoṭṭhāsa (12) maျို” - meda chakka	The Twelve Apocalypse Types	1
662	721	မုတ္တ ဆက္က	mutta chakka	Motsakka	0
663	721	တေဇောဓာတ်လွန်ကဲသော တေဇောကောဋ္ဌာသ (၄) မျိုး	tejodhātyalhanyakaဲso tejokoṭṭhāsa (4) maျို”	There are four types of Tesla that are extremely powerful	1
664	722	ဝါယောဓာတ်လွန်ကဲသော ဝါယောကောဋ္ဌာသ (၆) မျိုး	vāyodhātyalhanyakaဲso vāyokoṭṭhāsa (6) maျို”	There are six types of radicals	1
665	723	(၄၂) ကောဋ္ဌာသတို့၌ ရှုပုံ စနစ်များ	(42) koṭṭhāsatiု’၌ raှုpuṃ canacyamaျာ”	(42) Perspective systems in the departments	1
666	724	ရုပ်ကလာပ် အမျိုးအစားများ	rupyakalāpya amaျို”acā”maျာ”	Types of corpses	0
667	724	ကမ္မဇရုပ်ကလာပ် (၉) စည်း	kammajarupyakalāpya (9) caññya”	Nine bunches of Kamma characters	0
668	724	စိတ္တဇရုပ်ကလာပ် (၈) စည်း	cittajarupyakalāpya (8) caññya”	Eight mental cells	4
669	728	ဥတုဇ ရုပ်ကလာပ် (၄) စည်း	utuja rupyakalāpya (4) caññya”	Four bunches of Utuza corpse	0
670	728	အာဟာရဇ ရုပ်ကလာပ် (၂) စည်း	āhāraja rupyakalāpya (2) caññya”	Two bundles of nutritional cells	1
671	729	အသံ (၃) မျိုး	asaṃ (3) maျို”	Three kinds of sounds	0
672	729	လက္ခဏာရုပ်များကို ရှုပွားသိမ်းဆည်းပါ	lakkhaṇārupyamaျာ”kiု raှုphā”simya”chaññya”pā	Save the symbols	1
673	730	တိုက်တွန်းချက်	tiုkyathanya”khaျkya	Recommendation	1
674	731	ရုပ်တရားအားလုံးကို ခြုံ၍ သိမ်းဆည်းပါ	rupyatarā”ā”luṃ”kiု khaြုံ၍ simya”chaññya”pā	Save all material things	0
675	731	ရုပ်ကမ္မဋ္ဌာန်းပိုင်း ရှုကွက် အတိုချုပ် မှတ်ရန်	rupyakammaṭṭhānya”piုငya” raှုkhakya atiုkhaျုpya maှtyaranya	To summarize the physical perspective	1
676	732	ဖောက်ပြန်တတ်သောသဘော	phokyapaြnyatatyasosabho	It is perverted	1
677	733	ဗုဒ္ဓအဘိဓမ္မာ၏ ရုပ်ပိုင်းဆိုင်ရာ အယူအဆ	buddhaabhidhammā၏ rupyapiုငya”chiုငyarā ayūacha	Physical concept of Buddha Abhidhamma	2
678	735	ဣရိယာပထ အခန်း နှင့် သမ္ပဇည အခန်း	iriyāpatha akhanya” naှင’ya sampajañña akhanya”	Iriya First Room and Sampaja Room	0
679	735	ဣရိယာပထ နှင့် သမ္ပဇည ရှုကွက်	iriyāpatha naှင’ya sampajañña raှုkhakya	Iriyapatha and Sampaja view	0
680	735	ဣရိယာပထ ပါဠိတော်	iriyāpatha pāḷitoya	Iriyapatha Pali	1
681	736	အဋ္ဌကထာ၏ ရှင်းလင်းချက်	aṭṭhakathā၏ raှငya”laငya”khaျkya	Explanation of the Eightfold Path	0
682	736	သတ္တဝါဟူသော အယူအဆ	sattavāhūso ayūacha	The concept of beings	5
683	741	ရှုပွားပုံ စနစ်	raှုphā”puṃ canacya	Visual system	0
684	741	ပရမတ်တို့၏ သဘောမှန်	paramatyatiု’၏ sabhomaှnya	Paramatman is one of the topics in focus at Global Oneness	1
685	742	စိတ္တဇရုပ် - နှစ်ဘက်ရ	cittajarupya - naှcyabhakyara	Psychology - Two sides	1
686	743	ရပ်ခိုက်၌ ရှုပွား သိမ်းဆည်းပုံ	rapyakhiုkya၌ raှုphā” simya”chaññya”puṃ	How to save time in a stop	1
687	744	ထိုင်ခိုက်၌ ရုပ်တရားတို့ကို သိမ်းဆည်းပုံ	thiုငyakhiုkya၌ rupyatarā”tiု’kiု simya”chaññya”puṃ	How to store material objects while sitting	1
688	745	လျောင်းခိုက်၌ ရုပ်တရားတို့ကို သိမ်းဆည်းပုံ	laျောငya”khiုkya၌ rupyatarā”tiု’kiု simya”chaññya”puṃ	How to store objects while lying down	2
689	747	ပုဂ္ဂိုလ်မသွား - ငါမသွား - ရုပ်သွား ဉာဏ်ဖြင့်ကြည့်	puggiုlyamashā” - ငါmashā” - rupyashā” ñāṇyaphaြင’yakaြñña’ya	The person does not go - I do not go - look at the physical mind	2
690	749	အကြောင်းဖြစ်သော စိတ်တရား	akaြောငya”phaြcyaso cityatarā”	The mind that is the cause	1
691	750	ယထာ ယထာ ဝါ ပနဿ	yathā yathā vā panassa	Yatha Yathavarpanasa	2
692	752	နှိုင်းခိုင်းဖွယ်ရာ လောကဥပမာ တစ်ရပ်	naှိုငya”khiုငya”phhayyarā lokaupamā tacyarapya	A Comparative World Example	0
693	752	သမ္ပဇည - ရှုကွက် (= အသမ္မောဟသမ္ပဇဉ်)	sampajañña - raှုkhakya (= asammohasampajañya)	Sampaja-Sutta	1
694	753	အဋ္ဌသာလိနီအဋ္ဌကထာ၏ ဖွင့်ဆိုချက်	aṭṭhasālinīaṭṭhakathā၏ phhaင’yachiုkhaျkya	Definition of the Eightfold Path	3
695	756	ဝိညတ် ဟူသည်	viññatya hūsaññya	What is the soul?	3
696	759	မနောဝိညေယျ တရား	manoviññeyaျ tarā”	Spirituality	1
697	760	ဝိညတ်ကို သိသော ဝီထိ	viññatyakiု siso vīthi	Vedic who knows the soul	1
698	761	ကာရေတိ မညေ (အဘိ-ဋ္ဌ-၁-၁၂၅။)	kāreti maññe (abhi-ṭṭha-1-125．)	Carrie Underwood	0
699	761	ဥပမာဆောင်၍ ထင်ရှားအောင်ပြပုံ	upamāchoငya၍ thaငyaraှာ”aောငyapaြpuṃ	How to illustrate	3
700	764	တစ်နည်း ဖွင့်ဆိုပုံ	tacyanaññya” phhaင’yachiုpuṃ	One way to define it	1
701	765	သိထိုက်သော တရား	sithiုkyaso tarā”	Things to know	1
702	766	လှုပ်ရှားမှု ဖြစ်ပေါ်လာပုံ	laှုpyaraှာ”maှု phaြcyapoyalāpuṃ	How the movement came about	1
703	767	လှုပ်ရှားမှုဟူသည်	laှုpyaraှာ”maှုhūsaññya	Movement	2
704	769	မှတ်သားဖွယ်ရာ အက္ခရာစဉ် အညွှန်း	maှtyasā”phhayyarā akkharācañya aññhaှnya”	Notable alphabetical index	
